work_id,user_id,title,username,fandoms,rating,warnings,slash_categories,status,date_updated,relationships,characters,freeforms,summary,language,words,chapters,comments,kudos,bookmarks,hits
work_10057010,user-2878526,All the Young Dudes,MsKingBean89,['Harry Potter - J. K. Rowling'],Mature,"['No Archive Warnings Apply', 'Major Character Death', 'Graphic Depictions Of Violence']",['M/M'],Complete Work,12 Nov 2018,"['Sirius Black/Remus Lupin', 'Sirius Black & Remus Lupin', 'James Potter/Lily Evans Potter']","['Remus Lupin', 'Sirius Black', 'James Potter', 'Lily Evans Potter', 'Peter Pettigrew', 'Severus Snape', 'Minerva McGonagall', 'Bellatrix Black Lestrange', 'Narcissa Black Malfoy', 'Albus Dumbledore', 'Mulciber Sr. (Harry Potter)', 'Horace Slughorn', 'Mary Macdonald', 'Marlene McKinnon', 'Poppy Pomfrey', 'Walburga Black', 'Regulus Black', 'Fenrir Greyback']","[""Marauders' Era"", 'Marauders', 'Marauders Friendship', 'wolfstar', 'Get Together', 'Slow Burn', 'so slow', ""it's slow"", 'seriously', 'Complete', 'Canon Compliant', 'Angst', 'Fluff', 'Fluff and Angst', 'Requited Love', 'Canonical Character Death', 'First War with Voldemort', 'First Kiss']",No summary,English,526969,188/188,26405,118356,24189,7968418
work_28755084,user-1812475,passerine,blujamas,['Dream SMP'],Teen And Up Audiences,"['Major Character Death', 'Graphic Depictions Of Violence']",['Gen'],Complete Work,09 Apr 2021,"['Wilbur Soot & Technoblade', 'Technoblade & Phil Watson (Video Blogging RPF)', 'Technoblade & TommyInnit (Video Blogging RPF)', 'Wilbur Soot & Technoblade & TommyInnit & Phil Watson', 'Wilbur Soot & TommyInnit']","['Wilbur Soot', 'Phil Watson (Video Blogging RPF)', 'Technoblade (Video Blogging RPF)', 'TommyInnit (Video Blogging RPF)', 'Cara | CaptainPuffy', 'Niki | Nihachu', 'Toby Smith | Tubbo', 'Sapnap (Video Blogging RPF)']","['Alternate Universe - Royalty', 'Found Family', 'But make it', 'Angst', 'Sleepy Bois Inc. (Video Blogging RPF) - Freeform', 'tommy and wilbur are princes and technoblade is a feral god that philza picked up from the woods', 'thats it thats the fic', ""mentions of techno's voices"", 'wilbur also has voices', 'techno decides to help', 'because he has nothing better to do or so he says', 'no beta we die like lmanberg', 'Hurt/Comfort', 'Character Death']",No summary,English,76375,7/7,5918,80683,16167,2855049
work_14454174,user-3861138,Manacled,senlinyu,['Harry Potter - J. K. Rowling'],Explicit,"['Rape/Non-Con', 'Graphic Depictions Of Violence']",['F/M'],Complete Work,19 Aug 2019,['Hermione Granger/Draco Malfoy'],"['Hermione Granger', 'Draco Malfoy', 'Dolores Umbridge', 'Tom Riddle | Voldemort', 'Astoria Greengrass', 'Graham Montague', 'Severus Snape']","['Post-War', 'Harry Potter Dies', 'Alternate Universe - Voldemort Wins', 'Forced Pregnancy', 'Imprisonment', 'Death Eater Draco Malfoy', 'Minor Character Death', 'Memory Loss', 'Rape/Non-con Elements', 'Eventual Romance', 'Battle', 'Rape', 'Mystery', 'Healer Hermione Granger', 'Self-Harm', 'Flashbacks', 'Slow Build', 'Angst with a Happy Ending', 'Slow Build Draco Malfoy/Hermione Granger']",No summary,English,370515,77/77,10814,43107,12174,2625900
work_5096105,user-1587650,In Another Life,LittleLuxray,['Haikyuu!!'],Teen And Up Audiences,['Major Character Death'],['M/M'],Complete Work,28 Oct 2015,['Akaashi Keiji/Bokuto Koutarou'],"['Akaashi Keiji', 'Bokuto Koutarou', 'Kozume Kenma', 'Kuroo Tetsurou']","['Angst', 'Fluff and Angst', 'Alternate Universe - Hospital', 'Bokuaka - Freeform', ""I'm sorry I wrote this"", ""I'm Sorry"", 'Hurt/Comfort', 'Emotional Hurt/Comfort', 'Haikyuu - Freeform', 'Hospitals', 'i am weak', 'cloud atlas references']",No summary,English,22995,1/1,5926,69099,12869,2512988
work_8337607,user-114273,Yesterday Upon The Stair,PitViperOfDoom,['僕のヒーローアカデミア | Boku no Hero Academia | My Hero Academia'],Teen And Up Audiences,['Graphic Depictions Of Violence'],['Gen'],Complete Work,12 Oct 2019,"['Midoriya Izuku & Yagi Toshinori | All Might', 'Midoriya Izuku & Todoroki Shouto', 'Midoriya Izuku & Uraraka Ochako', 'Iida Tenya & Midoriya Izuku', 'Sir Nighteye & Yagi Toshinori | All Might', 'Midoriya Izuku & Toogata Mirio']","['Midoriya Izuku', 'Yagi Toshinori | All Might', 'Midoriya Inko', 'Shimura Nana', 'Bakugou Katsuki', 'Todoroki Shouto', 'Uraraka Ochako', 'Iida Tenya', 'Iida Tensei | Ingenium', 'Eri (My Hero Academia)', 'Chisaki Kai | Overhaul', 'Sir Nighteye (My Hero Academia)', 'Toogata Mirio']","['Alternate Universe - Canon Divergence', 'BAMF Midoriya Izuku', 'Parental Yagi Toshinori | All Might', 'The Sixth Sense AU', 'Bakugou Katsuki Swears A Lot', 'Izuku Sees Dead People', 'Queerplatonic Relationships', 'Midoriya Izuku Has a Quirk', 'Platonic Slow Burn', 'platonic tododeku', 'Panic Attacks', 'past trauma', 'Body Horror', 'Character Death', 'Temporary Character Death', 'Implied/Referenced Child Abuse', ""Todoroki Enji | Endeavor's Bad Parenting""]",No summary,English,424070,60/60,21517,75127,18099,2403251
work_17849519,user-5148644,调教,xianyuxiangu,['原创 - Fandom'],Mature,['Choose Not To Use Archive Warnings'],['M/M'],Work in Progress,27 Sep 2020,['No Relationship Tags'],['No Character Tags'],"['触手', '产乳', '双性', '大奶', '强制爱', '尿道控制', '人鱼', '调教', '性奴', '捆绑', '人外', '人兽']",No summary,中文-普通话 國語,45968,1/?,7,8733,72,2292539
work_23529571,user-5457283,Viridian: The Green Guide,Clouds (myheadinthecoudsnotcomingdown),['僕のヒーローアカデミア | Boku no Hero Academia | My Hero Academia'],Teen And Up Audiences,['Graphic Depictions Of Violence'],['Gen'],Complete Work,07 Aug 2021,"['Aizawa Shouta | Eraserhead & Midoriya Izuku', 'Kaminari Denki & Midoriya Izuku', 'Bakugou Katsuki & Amplifier (My Hero Academia)', 'Bakugo Katsuki/redemption', 'Kaminari Denki/Midoriya Izuku', 'Bakugou Katsuki & Shinsou Hitoshi', 'Bakugou Katsuki/Uraraka Ochako', '(IMPLIED)']","['Midoriya Izuku', 'Midoriya Inko', 'Aizawa Shouta | Eraserhead', 'Tsukauchi Naomasa', 'Bakugou Katsuki', 'Amplifier (My Hero Academia)', 'Takagi Ken | Rock Lock', 'Kaminari Denki', 'Queen Bee (My Hero Academia)', 'Sensei | All For One', 'Shigaraki Tomura | Shimura Tenko', 'Original Characters', 'Shinsou Hitoshi', 'Todoroki Enji | Endeavor', 'Akaguro Chizome | Stain', 'Asui Tsuyu', 'Asui Beru', 'Asui Ganma', 'Asui Samidare', 'Asui Satsuki', 'Shirakumo Oboro', 'Dabi (My Hero Academia)', 'Todoroki Shouto']","['Vigilante Midoriya Izuku', 'Suicidal Midoriya Izuku', 'Passive Suicidal Ideation', ""i promise it's not as dark as it sounds"", 'Improvised weapons', 'I add tags and relationships as I write', 'Quirkless Midoriya Izuku', 'BAMF Midoriya Izuku', 'References to My Hero Academia: Vigilantes', 'trigger - Freeform', 'Parental Aizawa Shouta | Eraserhead', 'Analyst Midoriya Izuku', 'Smart Midoriya Izuku', 'Hacker Midoriya Izuku', 'Nomu - Freeform', 'Villain Factory', 'Bakugou Katsuki Redemption', 'Self-Loathing', 'Bisexual Kaminari Denki', 'Kaminari Denki is a Flirt', 'My Hero Academia: Vigilantes Spoilers', 'Info Broker Katsuki Bakugo', 'Info Broker Dabi', 'Punt Endeavor into the Sun', 'Angst', 'Cliffhangers', 'Slow Burn', 'Eventual Romance', 'but definitely not the main plot', 'Boku no Hero Academia | My Hero Academia Manga Spoilers', 'Throwing Chapter 306 Out The Window', 'Kaminari Denki Has One For All Quirk', 'Dead Todoroki Enji | Endeavor', 'Bees', 'flirting as a weapon', 'Murder', 'Human Experimentation', 'Secrets']",No summary,English,272617,120/120,26282,48049,8971,1992701
work_22080895,user-5457283,Deku? I think he's some pro...,Clouds (myheadinthecoudsnotcomingdown),['僕のヒーローアカデミア | Boku no Hero Academia | My Hero Academia'],General Audiences,['No Archive Warnings Apply'],"['Gen', 'F/M', 'M/M']",Complete Work,14 Jul 2021,"['Aizawa Shouta | Eraserhead & Midoriya Izuku', 'Aizawa Shouta | Eraserhead & Fukukado Emi | Ms. Joke', 'Midoriya Izuku & Sasaki Mirai | Sir Nighteye', 'Fukukado Emi | Ms. Joke & Midoriya Izuku', 'Aizawa Shouta | Eraserhead/Fukukado Emi | Ms. Joke', 'Bakugo Katsuki/Consequences', 'Bakugo Katsuki & Inui Ryou | Hound Dog', 'Bakugou Katsuki/Kirishima Eijirou', 'everyone/therapy', 'I keep changing my mind', ""don't be suprised if things keep changing"", 'Midoriya Izuku/Uraraka Ochako']","['Midoriya Izuku', 'Midoriya Inko', 'Fukukado Emi | Ms. Joke', 'Sasaki Mirai | Sir Nighteye', 'Mr. Brave (My Hero Academia)', 'Bakugou Katsuki', 'Monoma Neito', 'Yaoyorozu Momo', 'Todoroki Shouto', 'Iida Tenya', 'Aizawa Shouta | Eraserhead', 'Nedzu (My Hero Academia)', 'Yamada Hizashi | Present Mic', 'Toogata Mirio', 'Awata Kaoruko | Bubble Girl', 'Moashi Juuzou | Centipeder', 'Shimura Nana', 'Class 1-A (My Hero Academia)', 'Kayama Nemuri | Midnight', 'Inui Ryou | Hound Dog', 'Kan Sekijirou | Vlad King', 'Shigaraki Tomura | Shimura Tenko', 'Sensei | All For One', 'Kurogiri (My Hero Academia)', 'Shinsou Hitoshi', 'Usagiyama Rumi | Miruko', 'Hadou Nejire', 'Amajiki Tamaki', 'Gran Torino (My Hero Academia)', 'Dabi (My Hero Academia)', 'Toga Himiko', 'Iguchi Shuuichi | Spinner', 'Muscular (My Hero Academia)', 'Mustard (My Hero Academia)', 'Sako Atsuhiro | Mr. Compress', 'Moonfish (My Hero Academia)']","['Quirkless Midoriya Izuku', 'Informant Midoriya Izuku', 'Smart Midoriya Izuku', 'BAMF Midoriya Izuku', 'Dadzawa', 'Parental Aizawa Shouta | Eraserhead', 'Midoriya Izuku Does Not Have One for All Quirk', 'Recommendation Student Izuku Midoriya', 'Recommendation Exam (My Hero Academia)', 'Midoriya Izuku Has A Gun', 'Toogata Mirio Has One for All Quirk', 'Manga Spoilers', 'Bakugo Katsuki goes to Therapy', ""Romance isn't the main point of this story"", 'My Hero Academia: Vigilantes References']",No summary,English,191001,94/94,18028,51434,10382,1912915
work_5076781,user-111909,The Breeding Ground,megamatt09,['Harry Potter - J. K. Rowling'],Explicit,['Choose Not To Use Archive Warnings'],"['F/M', 'Multi']",Work in Progress,21 Sep 2022,"['Harry Potter/Ginny Weasley', 'Padma Patil/Harry Potter', 'Gabrielle Delacour/Harry Potter', 'Daphne Greengrass/Harry Potter', 'Harry Potter/Andromeda Black Tonks', 'Harry Potter/Lily Evans Potter', 'Bellatrix Black Lestrange/Harry Potter', 'Harry Potter/Nymphadora Tonks', 'Alex Danvers/Harry Potter', 'Susan Bones/Harry Potter', 'Megan Jones/Harry Potter', 'Kara Danvers/Harry Potter', 'Astoria Greengrass/Harry Potter', 'Fleur Delacour/Harry Potter', 'Katie Bell/Harry Potter', 'Angelina Johnson/Harry Potter', 'Harry Potter/Alicia Spinnet', 'Harry Potter/Sansa Stark', 'Diana (Wonder Woman)/Harry Potter', 'Harry Potter/Natasha Romanov (Marvel)', 'Harry Potter/Lily Luna Potter', 'Harry Potter/Rose Weasley', 'Hermione Granger/Harry Potter', 'Harry Potter/Buffy Summers', 'Harry Potter/Kara Zor-El', 'Sara Lance/Harry Potter', 'Harry Potter/Karen Starr', 'Barbara Gordon/Harry Potter', 'Harry Potter/Caitlin Snow', 'Harry Potter/Donna Troy', 'Lara Croft/Harry Potter', 'Harry Potter/Rowena Ravenclaw']",['No Character Tags'],"['Lemon', 'Smut', 'Shameless Smut', 'Parent/Child Incest', 'Sibling Incest', 'Older Woman/Younger Man', 'Older Man/Younger Woman', 'Threesome - F/F/M', 'Foursome - F/F/F/M', 'Incest', 'Anal Sex', 'Oral Sex', 'Foot Jobs', 'Vaginal Fingering', 'Vaginal Sex', 'Threesome', 'MILFs', 'Alien/Human Relationships', 'Harry Potter Has a Large Cock']",No summary,English,1210081,402/?,336,4234,668,1764489
work_19327990,user-5658007,【忘羡】蓝湛，我不仅要枕腿……我……还要你。,taoshengLAM,['魔道祖师-墨香铜臭'],General Audiences,['No Archive Warnings Apply'],['M/M'],Complete Work,23 Jun 2019,['蓝忘机/魏无羡'],"['魏无羡', '蓝忘机']","['魔道祖师', '忘羡 - Freeform', '魏无羡 - Freeform']",No summary,中文-普通话 國語,3470,1/1,4,6929,14,1705524
work_5293532,user-9,House of Cards,sugamins (orphan_account),['방탄소년단 | Bangtan Boys | BTS'],Explicit,['Graphic Depictions Of Violence'],['M/M'],Complete Work,22 May 2016,"['Jeon Jungkook/Kim Taehyung | V', 'Jeon Jungkook/Park Jimin', 'Kim Taehyung | V/Park Jimin', 'Jeon Jungkook/Kim Taehyung | V/Park Jimin']","['Kim Taehyung | V', 'Jeon Jungkook', 'Kim Namjoon | Rap Monster', 'Park Jimin (BTS)', 'Kim Seokjin | Jin', 'Min Yoongi | Suga', 'Jung Hoseok | J-Hope']","['Alternate Universe - Gangsters', 'Gang Violence', 'Violence', 'Drugs', 'Drug Use', 'Explicit Sexual Content', 'Explicit Language', 'Blood and Gore', 'Blood and Torture', 'Gambling', 'Gunplay', 'Undercover', 'Disturbing Themes', 'Homophobic Language', 'Attempted Rape/Non-Con', 'Xenophobia', 'Dom/sub', 'Threesome - M/M/M', 'Drug Addiction']",No summary,English,394890,25/25,3935,35060,9727,1658015
work_5702212,user-1771684,狱门调教（1——4）,Saviel,['Shingeki no Kyojin | Attack on Titan'],General Audiences,['Graphic Depictions Of Violence'],['M/M'],Work in Progress,11 Jan 2016,['Levi/Erwin Smith'],"['Levi (Shingeki no Kyojin)', 'Erwin Smith']",['No Freeform Tags'],No summary,中文-普通话 國語,10656,1/?,42,11705,11,1652299
work_12058530,user-2958414,【大薛】产卵器（肉）,Mizutsuki,"['大谦世界 | Dà Qiān Shì Jiè (TV)', 'Real Person Fiction']",Mature,['Graphic Depictions Of Violence'],['M/M'],Complete Work,11 Sep 2017,['No Relationship Tags'],['大张伟'],['No Freeform Tags'],No summary,中文-普通话 國語,11081,1/1,4,1474,5,1585028
work_6598261,user-2027497,[EC]Cut（黑帮教父E/演员C）,Yingzhen,"['X-Men: First Class (2011) - Fandom', 'X-Men: Days of Future Past (2014) - Fandom']",Explicit,"['Graphic Depictions Of Violence', 'Rape/Non-Con']",['M/M'],Complete Work,19 Apr 2016,['Erik Lehnsherr/Charles Xavier'],"['Erik Lehnsherr', 'Charles Xavier', 'Raven | Mystique', 'Hank McCoy', 'Logan (X-Men)']","['BDSM', 'Master/Pet', 'Dom/sub', 'Dom Erik', 'Sub Charles', 'Rope Bondage', 'Whipping', 'Nipple Play', 'Ice Play', 'Wax Play', 'Anal Fingering', 'Anal Plug', 'Cock Rings', 'Oral Sex', '调教', '项圈', '鞭打', '捆绑', '木马', 'Punishment']",No summary,中文-普通话 國語,44417,14/14,22,4444,85,1537916
work_12006417,user-53377,survival is a talent,ShanaStoryteller,['Harry Potter - J. K. Rowling'],Teen And Up Audiences,['Choose Not To Use Archive Warnings'],"['Gen', 'M/M']",Work in Progress,10 May 2022,['Draco Malfoy/Harry Potter'],"['Harry Potter', 'Draco Malfoy', 'Ron Weasley', 'Hermione Granger', 'Blaise Zabini', 'Millicent Bulstrode', 'Lucius Malfoy', 'Narcissa Black Malfoy', 'Ginny Weasley', 'Remus Lupin', 'Sirius Black']","['Soulmate AU', 'Indian Harry Potter', 'Black Hermione Granger', ""canon? i don't know her"", 'Slow Build', 'Lucius Malfoy is a bad person but a good father', 'Parselmouth Harry Potter', 'Smart Draco Malfoy', ""I'm offended that's a tag OF COURSE he's smart"", 'sometimes bad things happen', ""but this fic isn't out to hurt you"", 'Secret Relationship', 'Slytherins and Gryffindors being reluctant friends', 'Plotty']",No summary,English,456184,29/?,12166,40205,13216,1526025
work_14450364,user-3251244,【忘羡】来呀相互伤害呀（全文＋番外）,kehsin384,['魔道祖师 - 墨香铜臭 | Módào Zǔshī - Mòxiāng Tóngxiù'],Mature,['Choose Not To Use Archive Warnings'],['M/M'],Complete Work,10 Jan 2019,['蓝忘机/魏无羡'],['No Character Tags'],['No Freeform Tags'],No summary,中文-普通话 國語,126143,28/28,79,16561,108,1482607
work_33489424,user-4823182,tommyinnit's clinic for supervillains,bonesandthebees (bonesandcacti),"['Minecraft (Video Game)', 'Dream SMP']",Teen And Up Audiences,['Graphic Depictions Of Violence'],['Gen'],Complete Work,17 Jan 2022,"['Wilbur Soot & TommyInnit', 'Toby Smith | Tubbo & TommyInnit', 'Ranboo & TommyInnit (Video Blogging RPF)', 'Ranboo & Toby Smith | Tubbo', 'Wilbur Soot & Technoblade & TommyInnit & Phil Watson', 'No Romantic Relationship(s)']","['TommyInnit (Video Blogging RPF)', 'Wilbur Soot', 'Toby Smith | Tubbo', 'Ranboo (Video Blogging RPF)', 'Phil Watson (Video Blogging RPF)', 'Dave | Technoblade', 'Niki | Nihachu', 'Alexis | Quackity', 'Jack Manifold', 'Clay | Dream (Video Blogging RPF)', 'Cara | CaptainPuffy']","['Alternate Universe - Superheroes/Superpowers', 'Dark Sleepy Bois Inc', ""I mean kinda they're villains but they're actually not terrible"", 'Sleepy Bois Inc as Family', 'Vigilante Toby Smith | Tubbo', 'Vigilante Ranboo (Video Blogging RPF)', 'Villain Sleepy Bois Inc', 'Humor', 'Secret Identity', 'Identity Reveal', 'Hurt/Comfort', 'TommyInnit Deserves Better (Video Blogging RPF)', ""tommy accidentally becomes the resident doctor for a bunch of villains and he's not happy about it"", 'Found Family', 'Families of Choice', ""this is about the characters not cc's obviously"", 'It Gets Worse Before It Gets Better', 'Miscommunication', 'seriously this is a dream smp fic what did you guys expect', 'Angst with a Happy Ending', ""this isn't a crack fic i swear it's only the first few chapters""]",No summary,English,188572,26/26,8287,46917,9436,1481036
work_25069339,user-5457283,Cheat Code: Support Strategist,Clouds (myheadinthecoudsnotcomingdown),['僕のヒーローアカデミア | Boku no Hero Academia | My Hero Academia'],Teen And Up Audiences,['No Archive Warnings Apply'],"['F/M', 'Gen']",Complete Work,29 Jan 2022,"['Hatsume Mei & Midoriya Izuku', 'Hatsume Mei/Midoriya Izuku', 'Midoriya Izuku & Nedzu', 'Hatsume Mei & Shinsou Hitoshi', 'Midoriya Izuku & Shinsou Hitoshi', 'Aizawa Shouta | Eraserhead/Yamada Hizashi | Present Mic', 'Shinsou Hitoshi/Uraraka Ochako']","['Midoriya Izuku', 'Hatsume Mei', 'Shinsou Hitoshi', 'Midoriya Inko', 'Nedzu (My Hero Academia)', 'Aizawa Shouta | Eraserhead', 'Maijima Higari | Power Loader', 'Bakugou Katsuki', 'Class 1-F (My Hero Academia)', 'Shigaraki Tomura | Shimura Tenko', 'Kurogiri (My Hero Academia)', 'Yagi Toshinori | All Might', 'Class 1-A (My Hero Academia)', 'Todoroki Shouto', 'Uraraka Ochako', 'Class 1-B (My Hero Academia)', 'Mineta Minoru', 'Melissa Shield', 'David Shield', 'Kamihara Shinya | Edgeshot']","['Quirkless Midoriya Izuku', 'BAMF Midoriya Izuku', 'Support Department Midoriya Izuku', 'Hacker Midoriya Izuku', 'Slow Burn', 'Analyst Midoriya Izuku', 'Smart Midoriya Izuku', 'Scary Midoriya Izuku', 'USJ', 'Confident Midoriya Izuku', 'Chaotic Midoriya Izuku', 'Chaotic Hatsume Mei', ""She's a bad example"", 'Shinso Hitoshi is along for the ride', 'Traitor Mineta Minoru', 'Uraraka Ochako Has One for All Quirk', 'angry cats', 'Vent Gremlins']",No summary,English,197423,89/89,13740,35145,6912,1468435
work_11699916,user-1657874,Fiction Ficlets,WestOrEast,"['Worm - Wildbow', 'Bishoujo Senshi Sailor Moon | Pretty Guardian Sailor Moon (Anime & Manga)', 'Ranma 1/2', 'RWBY', 'Mahou Shoujo Madoka Magika | Puella Magi Madoka Magica', 'Fallout: New Vegas', 'Avatar: The Last Airbender', 'Avatar: Legend of Korra', ""少女終末旅行 | Shoujo Shuumatsu Ryokou | Girls' Last Tour (Anime)"", 'Kill la Kill (Anime & Manga)', 'Neon Genesis Evangelion', 'The Owl House (Cartoon)']",Explicit,['Choose Not To Use Archive Warnings'],"['F/F', 'F/M', 'Gen', 'Multi', 'Other']",Work in Progress,18 Sep 2022,"['Ruby Rose/Yang Xiao Long', 'Ruby Rose/Weiss Schnee', 'Blake Belladonna/Ruby Rose', 'Neopolitan/Ruby Rose', 'Ruby Rose/Nora Valkyrie', 'Nora Valkyrie/Yang Xiao Long', 'Saotome Ranma/Tendou Akane', 'Saotome Ranma/Tendou Nabiki', 'Hibiki Ryouga/Saotome Ranma', 'Saotome Ranma/Tendou Kasumi', 'Miss Militia/Purity', 'Skitter/Glory Girl', 'Haruka Tenoh/Many Men', 'Kaiou Michiru/Meiou Setsuna/Tenoh Haruka', 'Suki/Sokka/Toph', 'Ruby Rose/Glynda Goodwitch', 'Madokami/Madoka Kaname', 'Blake Belladonna/Ruby Rose/Velvet Scarlatina', 'Annette Hebert/Taylor Hebert', 'Shampoo/Threesome', 'Konatsu/Kuonji Ukyou', 'Summer Rose/Ruby Rose', 'Weiss Schnee/Blake Belladonna', 'Kaiou Michiru/Tenoh Haruka', 'Raven Brawen/Summer Rose', 'Raven Brawen/Ruby Rose', 'Ruby Rose/Neo', 'Winter Schnee/Emerald Sustari', 'Jaune Arc/Pyrrha Nikos', 'Kali Belladonna/Blake Belladonna/Yang Xiao Long', 'Homura Akemi/Mami Tomoe']",['see above'],"['Gangbang', 'Bukkake', 'Tentacles', 'Selfcest', 'Prostitution', 'Bondage', 'Futa', 'Oral', 'Anal', 'Vaginal', 'Titjob', 'Cosplay', 'Petplay', 'Threesome', 'Cum Eating', 'Breeding', 'Incest', 'Pegging', 'Crossdressing', 'Crossover', 'Yuri', 'Illusions', 'Feminization', 'Pregnancy', 'Lactation', 'Bestiality', 'handjob', 'Gloryhole', 'Tempature Play', 'Lapdance']",No summary,English,1209417,377/?,2479,3436,274,1442092
work_17397599,user-4933100,嗜爱正文+番外一~六,kimiyu08,['旭润 - Fandom'],General Audiences,['No Archive Warnings Apply'],['Gen'],Complete Work,12 Jan 2019,['No Relationship Tags'],['No Character Tags'],['No Freeform Tags'],No summary,中文-普通话 國語,30803,1/1,1,2347,7,1414891
work_15050096,user-4216305,Illuminate,jiminieheart,['방탄소년단 | Bangtan Boys | BTS'],Explicit,['No Archive Warnings Apply'],['M/M'],Complete Work,25 Jun 2021,"['Jeon Jungkook/Park Jimin', 'Jung Hoseok | J-Hope/Kim Taehyung | V', 'Kim Namjoon | RM/Kim Seokjin | Jin', 'OT7 friendship - Relationship', 'Jung Hoseok | J-Hope/Kim Taehyung | V/Min Yoongi | Suga']","['Jeon Jungkook', 'Park Jimin (BTS)', 'Kim Taehyung | V', 'Jung Hoseok | J-Hope', 'Min Yoongi | Suga', 'Kim Seokjin | Jin', 'Kim Namjoon | RM']","['Alternate Universe', 'First Time', 'Slow Burn', 'Shy Park Jimin', 'Cute Park Jimin', 'Jeon Jungkook is Bad at Feelings', 'Kissing', 'Blow Jobs', 'Masturbation', 'Dry Humping', 'Anal Fingering', 'Anal Sex', 'Dirty Talk', 'Top Jeon Jungkook', 'Bottom Park Jimin', 'Multiple Orgasms', 'Overstimulation', 'Kim Taehyung | V & Park Jimin are Best Friends', 'OT7 Friendship', 'Other Additional Tags to Be Added', 'Strangers to Lovers', 'Homophobia', 'Verbal/Mental Abuse', 'Romantic Comedy', 'Slow Build', 'Fluff', 'Explicit Sexual Content', 'Minor Violence', 'Slight Panic Attack', 'Angst', 'Spanking', 'Aftercare', 'Bondage', 'Edgeplay', 'Riding', 'Strength Kink', 'Praise Kink', 'Sexting', 'Phone Sex', 'Dom/sub Undertones', 'Sex Toys', 'Vibrators', 'Orgasm Delay/Denial', 'Blood and Violence', 'Implied/Referenced Sexual Assault', 'Rimming', 'Family Drama', 'Face-Sitting', 'Collars', 'mention of rape', 'Mirror Sex', 'Butt Plugs', 'Discipline', 'Punishment', 'kind of semi-public sex', 'Safeword Use', '69 (Sex Position)', 'Cock Slapping', 'Blindfolds', 'Lingerie', 'Lace Panties', 'Nipple Play', 'mention of domestic abuse', 'mafia', 'Guns', 'polyamory but not jikook', 'Mention of Daddy Kink', 'Hyung Kink', 'Bathroom Sex', 'Creampie', 'Wall Sex', 'Rough Sex', 'Neck Kissing', 'Hair-pulling', 'Comeplay', 'Teasing', 'Begging', 'Oral Sex', 'Rough Oral Sex', 'Foreplay', 'Pet Names', 'Face-Fucking', 'Come Shot', 'Come Swallowing', 'First Love', 'Angst with a Happy Ending', 'cheating? but not jikook', 'Verbal Humiliation', 'Sexual Assault', 'Attempted Sexual Assault', 'Choking', 'Attempted Rape/Non-Con', 'Threats of Rape/Non-Con', 'Character Death', 'Minor Character Death', 'Car Sex', 'mention of shibari']",No summary,English,1221767,59/59,8352,21096,4090,1413339
work_11427771,user-1686089,【贺红】饲狼[ABO]（三十一）（肉慎）（和谐部分）,Andrewrain,['有不良信息 慎入'],Teen And Up Audiences,['Choose Not To Use Archive Warnings'],['Other'],Complete Work,07 Jul 2017,['No Relationship Tags'],['贺天 莫关山'],['No Freeform Tags'],No summary,中文-普通话 國語,4411,1/1,2,5876,3,1404968
work_29507616,user-7408090,Without Hesitation,starlight_poprocks,['原神 | Genshin Impact (Video Game)'],Explicit,['Choose Not To Use Archive Warnings'],"['F/M', 'M/M']",Complete Work,17 Feb 2021,"['Albedo (Genshin Impact)/Reader', 'Albedo/Traveler (Genshin Impact)']","['Albedo (Genshin Impact)', 'Traveler (Genshin Impact)']","['Consensual Non-Consent', 'Dubious Consent', 'Mildly Dubious Consent', 'consensual drug use', 'Drugged Sex', 'Aphrodisiacs', 'Temperature Play', 'Overstimulation', 'Forced Orgasm', 'Orgasm Control', 'Multiple Orgasms', 'Hand Jobs', 'Blow Jobs', 'Dubiously Consensual Blow Jobs', 'Cunnilingus', 'Come Eating', 'Vaginal Fingering', 'Anal Fingering', 'Foreplay', 'Desk Sex', 'Rough Kissing', 'Rough Sex', 'Workplace Sex', 'Excessive Come', 'Semi-Public Sex', 'Drunk Sex', 'Intoxication', 'Scent Kink', 'Breeding', 'Breeding Kink', 'Plot What Plot/Porn Without Plot', 'Biting', 'Missionary Position', 'Mating Press', 'No beta we die like Rex Lapis', 'Dirty Talk', 'breeding talk', 'Sexual Roleplay', 'Roleplay', 'Creampie', 'Anal creampie', 'vaginal creampie', 'sex potion', 'reader drinks horny juice', 'Dom/sub', 'sub!Reader', 'Dragonspine (Genshin Impact)', 'dom!albedo', 'Top Albedo', 'Sexual Experimentation', 'experiment roleplay', 'Aftercare', 'Albedo is a Homunculus', 'albedo has a breeding kink', 'gender neutral reader']",No summary,English,8610,1/1,630,20150,2345,1394052
work_29230860,user-11733682,TommyInnit's unbeatable method of avoiding sudden death,eneliii,"['Video Blogging RPF', 'Minecraft (Video Game)']",Teen And Up Audiences,['Major Character Death'],['Gen'],Complete Work,25 Jul 2021,"['Technoblade & TommyInnit (Video Blogging RPF)', 'Wilbur Soot & TommyInnit', 'TommyInnit & Phil Watson (Video Blogging RPF)', 'Toby Smith | Tubbo & TommyInnit', 'Wilbur Soot & Technoblade & TommyInnit & Phil Watson', 'Ranboo & Toby Smtih | Tubbo', 'Ranboo & Toby Smith | Tubbo & Wilbur Soot & Technoblade & TommyInnit & Phil Watson', 'Wilbur Soot & Technoblade']","['TommyInnit (Video Blogging RPF)', 'Technoblade (Video Blogging RPF)', 'Wilbur Soot', 'Phil Watson (Video Blogging RPF)', 'Toby Smith | Tubbo', 'Ranboo (Video Blogging RPF)']","['Alternate Universe', 'Vigilantism', 'Vigilante TommyInnit', 'Hero Wilbur', 'Hero Technoblade', 'hero philza', 'Toby Smith | Tubbo & TommyInnit Friendship', 'Wilbur Soot and Technoblade are Siblings', 'Twins actually', 'Dadza', 'um', 'i honestly forgot how to tag for a moment there', 'Attempt at Humor', 'Minor Violence', 'Alternate Universe - Superheroes/Superpowers', 'clementime', 'PogChamp', 'Crack Treated Seriously', 'Kinda', 'not treated that seriously tbh', 'no beta lmao what even is that', 'Fluff', 'sbi dynamic probably', 'Swearing', 'i mean it’s tommyinnit', 'Angst', 'Derealization', 'don’t read chaps 15 22 and 24 onwards unless you want angst', 'Unreliable Narrator', 'Violence', 'Heavy Angst', 'i guess?']",No summary,English,79922,30/30,11896,47099,9395,1384856
work_19101535,user-3259101,The Auction,LovesBitca8,['Harry Potter - J. K. Rowling'],Explicit,"['Graphic Depictions Of Violence', 'Rape/Non-Con']",['F/M'],Complete Work,07 Dec 2020,['Hermione Granger/Draco Malfoy'],"['Hermione Granger', 'Draco Malfoy', 'Narcissa Black Malfoy', 'Lucius Malfoy', 'Ginny Weasley', 'Pansy Parkinson', 'Blaise Zabini']","['Alternate Universe - Voldemort Wins', 'Sexual Slavery', 'Sexual Assault', 'Hermione is not raped', 'But minor characters are', 'Explicit Sexual Content', 'Loss of Virginity', 'Death Eater Draco Malfoy', 'Sterilization', 'Implied/Referenced Suicide', 'Flashbacks', 'Espionage', 'Romance', 'Pining', 'Drama', 'Mystery', 'Angst', 'Minor Character Death', 'The Malfoys Have Lots of Secrets', 'Implied Draco/Other Character', 'Mild Hermione/Other Character']",No summary,English,325702,41/41,7290,22148,5987,1363921
work_14284239,user-909869,破云 Chapter 89,huaishang233,['破云'],Not Rated,['Choose Not To Use Archive Warnings'],['M/M'],Complete Work,11 Apr 2018,['No Relationship Tags'],['No Character Tags'],['No Freeform Tags'],No summary,中文-普通话 國語,3543,1/1,67,9601,111,1359903
work_537876,user-36665,Twist and Shout,gabriel,['Supernatural'],Explicit,"['Graphic Depictions Of Violence', 'Major Character Death']","['F/M', 'M/M']",Work in Progress,01 Aug 2014,"['Dean/Castiel', 'Sam/Jess', 'Balthazar/Castiel']","['Dean Winchester', 'Castiel', 'Sam Winchester', 'Balthazar', 'Jessica Moore', 'Adam Milligan', 'Tessa', 'Hester', 'Gabriel', 'Michael', 'Rachel', 'Ash', 'Victor Henriksen']","['DeanCas Big Bang', 'Twist and Shout']",No summary,English,97556,12/?,5444,37240,8812,1359490
work_17369699,user-4738169,【忘羡】身是客,Bluesea2021,['蓝忘机x魏无羡 - Fandom'],Explicit,['Choose Not To Use Archive Warnings'],['M/M'],Complete Work,10 Jan 2019,['No Relationship Tags'],['No Character Tags'],['No Freeform Tags'],No summary,中文-普通话 國語,3897,1/1,1,9848,22,1344072
work_18816193,user-5389585,【路杨】合法监禁（囚禁play！高H！）（上）,hjn2000,['逆流而上的你'],Explicit,['Rape/Non-Con'],['M/M'],Complete Work,13 May 2019,['No Relationship Tags'],['No Character Tags'],['No Freeform Tags'],No summary,中文-普通话 國語,2417,1/1,1,9877,2,1337859
work_17361419,user-215966,The Contract,DebsTheSlytherinSnapeFan,['Harry Potter - J. K. Rowling'],Mature,['Choose Not To Use Archive Warnings'],"['F/M', 'M/M']",Work in Progress,10 Sep 2022,"['Rabastan Lestrange/Harry Potter', 'Rodolphus Lestrange/Sirius Black', 'past Rodolphus Lestrange/Bellatrix Lestrange', 'Tom Marvolo Riddle|Lord Slytherin/Bill Weasley']","['Rabastan Lestrange', 'Harry Potter', 'Corvus Lestrange', 'Rodolphus Lestrange', 'Tom Riddle | Voldemort', 'Albus Dumbledore', 'Hermione Granger', 'Ronald Weasley', 'Draco Malfoy', 'Blaise Zabini', 'Sirius Black', 'Padma Patil', 'Parvati Patil', 'Severus Snape', 'Filius Flitwick', 'Minerva McGonagall', 'Pomona Sprout', 'Poppy Pomfrey', 'Daphne Greengrass', 'Vincent Crabbe', 'Gregory Goyle', 'Ginny Weasley', 'Bill Weasley', 'Charlie Weasley', 'Fred Weasley', 'George Weasley', 'Percy Weasley']","['carrier harry', 'Mpreg', 'Molestation of a Minor (Ginny)', 'Teenage Death (Ronald Weasley)', 'Worldbuilding', 'Wizarding Politics (Harry Potter)', 'Wizarding Culture (Harry Potter)', 'Wizarding Laws (Harry Potter)', 'Harry changes Wizarding Laws', 'Sane Voldemort (Harry Potter)']",No summary,English,780183,129/?,13413,21674,4458,1329074
work_26523892,user-77950,Measure Of A Man,inadaze22,['Harry Potter - J. K. Rowling'],Explicit,['No Archive Warnings Apply'],['F/M'],Complete Work,22 Apr 2022,['Hermione Granger/Draco Malfoy'],"['Hermione Granger', 'Draco Malfoy', 'Theodore Nott', 'Daphne Greengrass', 'Harry Potter', 'Padma Patil', 'Pansy Parkinson', 'Ginny Weasley', 'Susan Bones', 'Parvati Patil', 'Cho Chang', 'Blaise Zabini', 'Mr Granger (Harry Potter)', 'Mrs Granger (Harry Potter)', 'Ron Weasley', 'Neville Longbottom', 'Narcissa Black Malfoy', ""Cormac McLaggen's Uncle Tiberius"", 'Percy Weasley', 'Scorpius Malfoy', 'Cormac McLaggen', 'Kingsley Shacklebolt', 'Luna Lovegood', 'Dean Thomas', 'Andromeda Black Tonks']","['Post-Hogwarts', 'Harry Potter Epilogue What Epilogue | EWE', 'Romance', 'Slow Burn', 'Angst', 'POV Hermione Granger', 'Healer Hermione Granger', 'Blood and Injury', 'BAMF Hermione Granger', 'Past Hermione Granger/Ron Weasley', 'Gardens & Gardening', 'Grief/Mourning', 'Dementia', 'Slow Romance', 'Dysfunctional Family', 'Cooking', 'Angst and Romance', 'Sexual Tension', 'Unreliable Narrator', 'Emotional Hurt/Comfort', 'Emotional Support Cactus', 'The Ministry of Magic is Corrupt (Harry Potter)', 'Nothing to Something to Everything', 'Angst with a Happy Ending', 'Intimacy', 'Anxiety Attacks', 'Domestic Sexual Tension', 'Terminal Illnesses', 'Implied/Referenced Terrorism', 'Draco Malfoy & Harry Potter Friendship', 'DILF Draco Malfoy', 'Canon-Typical Violence', 'Explicit Sexual Content', 'Emotional Sex', 'Female Friendship', 'Angst and Hurt/Comfort', 'Semi-Public Sex', 'Cottagecore Hermione', 'Widower Draco', 'NSFW Art', 'Unintentional Emotional Neglect', 'Gardener Hermione', 'Auror Draco Malfoy', '...or something like it', 'Slow Build', 'But fast timeline', 'Child Scorpius Malfoy']",No summary,English,590655,42/42,6410,15487,6072,1320909
work_10920276,user-591027,If You Had This Time Again,dls,['Marvel Cinematic Universe'],Teen And Up Audiences,['Choose Not To Use Archive Warnings'],['M/M'],Complete Work,22 Mar 2019,['Loki/Tony Stark'],"['Tony Stark', 'Loki (Marvel)', 'Steve Rogers', 'Bruce Banner', 'Thor (Marvel)', 'Natasha Romanoff', 'Clint Barton', 'Jarvis (Iron Man movies)', 'Pepper Potts', 'James ""Rhodey"" Rhodes', 'Jane Foster (Marvel)', 'Darcy Lewis', 'James ""Bucky"" Barnes', 'Guardians of the Galaxy Team', ""T'Challa (Marvel)"", 'Shuri (Marvel)', 'Thanos (Marvel)', 'Stephen Strange']","['Alternate Universe - Canon Divergence', 'Alternate Universe - Time Travel', 'Time Travel Fix-It', 'Fix-It of Sorts', 'Civil War Team Iron Man', 'Comic Book Science', 'Canon-Typical Violence', 'Tony Stark-centric', 'Slow Burn', 'Canon Divergence - Post-Avengers (2012)', 'Translation Available']",No summary,English,268000,100/100,25327,35092,8825,1302884
work_2752484,user-374011,【周叶/abo调教】走廊尽头的房间,Kasewurst,['全职高手 - 蝴蝶蓝 | Quánzhí Gāoshǒu - Húdié Lán'],Explicit,['No Archive Warnings Apply'],['M/M'],Complete Work,11 Jan 2015,"['周泽楷/叶修', 'Zhōu Zékǎi/Yè Xiū |周泽楷/叶修']","['Zhōu Zékǎi | 周泽楷', 'Yè Xiū | 叶修']",['No Freeform Tags'],No summary,中文-普通话 國語,24000,3/3,2,1789,21,1251747
work_838537,user-118562,Young & Beautiful,Velvetoscar,['One Direction (Band)'],Mature,['No Archive Warnings Apply'],['M/M'],Complete Work,27 May 2014,"['Harry Styles/Louis Tomlinson', 'Zayn Malik/Liam Payne']","['Louis Tomlinson', 'Harry Styles', 'Niall Horan', 'Zayn Malik', 'Liam Payne', 'OC - Character']",['No Freeform Tags'],No summary,English,227417,34/34,4313,26522,10914,1249132
work_17347727,user-4999553,伪装学渣 车,wyz0531,['伪装学渣 - 木瓜黄 | Wěi Zhuāng Xué Zhā - Mù Guā Huáng'],Mature,['Choose Not To Use Archive Warnings'],['M/M'],Complete Work,08 Jan 2019,['No Relationship Tags'],['No Character Tags'],['No Freeform Tags'],No summary,中文-普通话 國語,2791,1/1,7,9591,13,1242821
work_14760071,user-4102980,【渣反】冰秋 予取予求,c389c389,['人渣反派自救系统'],Mature,['No Archive Warnings Apply'],['No category'],Complete Work,26 May 2018,['No Relationship Tags'],['No Character Tags'],['No Freeform Tags'],No summary,中文-普通话 國語,3767,1/1,3,6438,9,1239168
work_25651510,user-1793389,"the galaxy is endless (i thought we were, too)",cosmogony,['Haikyuu!!'],Teen And Up Audiences,['Major Character Death'],['M/M'],Complete Work,01 Aug 2020,"['Kozume Kenma/Kuroo Tetsurou', 'Akaashi Keiji/Bokuto Koutarou']","['Kozume Kenma', 'Kuroo Tetsurou', 'Bokuto Koutarou', 'Akaashi Keiji']","['Alternate Universe - Soulmates', 'Angst', 'Hurt/Comfort', 'Hospitals', 'Time Skips', 'Stars', 'Terminal Illnesses', 'Emotional Hurt/Comfort', 'Growing Up Together', 'Fluff and Angst', 'starts off very soft and fluffy and then gets very sad', 'im sorry i wrote this', 'Collaboration']",No summary,English,30932,1/1,1804,23605,6763,1237647
work_13777626,user-1252966,浮世 U K I Y O,Sharleena,['방탄소년단 | Bangtan Boys | BTS'],Explicit,"['Graphic Depictions Of Violence', 'No Archive Warnings Apply']",['M/M'],Complete Work,18 Jul 2019,['Min Yoongi | Suga/Park Jimin'],"['Min Yoongi | Suga', 'Park Jimin (BTS)', 'Kim Seokjin | Jin', 'Kim Namjoon | RM', 'Kim Taehyung | V', 'Jeon Jungkook', 'Jung Hoseok | J-Hope']","['Drug Lord Yoongi', 'Succubus Jimin', 'Alternate Universe', 'Alternate Universe - Gang World', 'Alternate Universe - Urban Fantasy', 'Kinda', ""It's just the settings"", 'Alternate Universe - Criminals', 'Violence', 'Blood', 'Disturbing Themes', 'Slow Burn', 'Side Relationships - Freeform', 'Explicit Sexual Content', 'Explicit Language', 'Shibari', 'Brothels', 'Seelie Taehyung', 'Banshee Hoseok', 'Dark', 'Bottom Park Jimin', 'Top Min Yoongi | Suga', 'Light Dom/sub', 'Self-Lubrication', 'cameos of other idols', 'side Taekook - Freeform', 'side namjin', 'Scent Marking', 'Finger Sucking', 'Past Abuse', 'Implied/Referenced Rape/Non-con', 'Come Eating', 'Slight Pain Kink', 'Praise Kink', 'Cock Slapping', 'Gunplay']",No summary,English,410772,22/22,7615,46556,8911,1227270
work_15475977,user-909869,破云 Chapter 156,huaishang233,['破云'],Not Rated,['Choose Not To Use Archive Warnings'],['M/M'],Complete Work,29 Jul 2018,['No Relationship Tags'],['No Character Tags'],['No Freeform Tags'],No summary,中文-普通话 國語,200,1/1,148,14722,105,1227214
work_14446512,user-728258,Hero Class Civil Warfare,RogueDruid (Icarius51),['僕のヒーローアカデミア | Boku no Hero Academia | My Hero Academia'],Teen And Up Audiences,"['Choose Not To Use Archive Warnings', 'No Archive Warnings Apply']","['Gen', 'Multi']",Complete Work,28 Nov 2018,"['Midoriya Izuku & Yaoyorozu Momo', 'Jirou Kyouka & Yaoyorozu Momo', 'Midoriya Izuku & Shinsou Hitoshi', 'Hatsume Mei & Midoriya Izuku', 'Midoriya Izuku & Shouji Mezou', 'Hatsume Mei & Yaoyorozu Momo', 'Midoriya Izuku & Monoma Neito']","['Class 1-A (My Hero Academia)', 'Class 1-B (My Hero Academia)', 'Midoriya Izuku', 'Aizawa Shouta | Eraserhead', 'Nedzu (My Hero Academia)', 'Yamada Hizashi | Present Mic', 'Yagi Toshinori | All Might', 'Bakugou Katsuki', 'Jirou Kyouka', 'Yaoyorozu Momo', 'Monoma Neito', 'Todoroki Shouto', 'Iida Tenya', 'Tokage Setsuna', 'Shinsou Hitoshi', 'Hatsume Mei', 'Shouji Mezou', 'Uraraka Ochako']","['Bakugou Katsuki Swears A Lot', 'Hero Worship', 'Mind Games', 'Emotional Manipulation', 'Villain Midoriya Izuku', 'But its for class', 'Heroes to Villains', 'The Teachers were not prepared', 'Things get... out of hand.', 'Hacking', 'bending the rules', 'Explosions', 'Paintball', 'Car Chases', 'Demolition', 'Lies', 'Cheating Villians', 'Read the Rules You Morons', ""Otherwise it'll kick your ass"", '""We\'re Villains. We don\'t play fair""', 'Betrayal', 'backstabbing', 'Double agents who don;t know they are double agents.', 'Motorcycles', 'The Sewer Level always sucks']",No summary,English,85769,33/33,6955,49933,14348,1217522
work_24481312,user-2089,Bring Him to His Knees,Musyc,['Harry Potter - J. K. Rowling'],Explicit,['Choose Not To Use Archive Warnings'],['F/M'],Complete Work,05 Jun 2021,['Hermione Granger/Draco Malfoy'],"['Hermione Granger', 'Draco Malfoy', 'Harry Potter', 'Pansy Parkinson', 'Blaise Zabini', 'Narcissa Black Malfoy']","['Aurors', 'Auror Draco Malfoy', 'Head Auror Harry Potter', 'Secondary Harry Potter/Pansy Parkinson', 'Past Draco Malfoy/Pansy Parkinson', 'Draco Malfoy & Harry Potter Friendship', 'Hermione Granger & Pansy Parkinson Friendship', 'Draco Malfoy & Pansy Parkinson Friendship', 'Case Fic', 'Undercover', 'Undercover as a Couple', 'Mutual Pining', 'Mutually Unrequited', 'Not Actually Unrequited Love', 'Mental Health Issues', 'Psychological Trauma', 'Minor Character Death', 'Sex Club', 'First Kiss', 'First Time', 'Size Difference', 'Size Kink', 'Draco Malfoy Has a Large Cock', 'Big Dick Draco', 'Praise Kink', 'Possessive Behavior', 'Marking', 'idiots to lovers', 'Inappropriate Use of Malfoy Signet Ring', 'Public Sex']",No summary,English,246526,31/31,5535,19185,6210,1215822
work_10672917,user-946070,The Debt of Time,ShayaLonnie,['Harry Potter - J. K. Rowling'],Explicit,['Choose Not To Use Archive Warnings'],['Multi'],Complete Work,25 Nov 2017,"['Sirius Black/Hermione Granger', 'Hermione Granger/Remus Lupin', 'Remus Lupin/Nymphadora Tonks', 'Harry Potter/Ginny Weasley', 'James Potter/Lily Evans Potter']","['Hermione Granger', 'Sirius Black', 'Remus Lupin', 'Harry Potter', 'Nymphadora Tonks', 'Draco Malfoy', 'Ron Weasley', 'Ginny Weasley', 'James Potter', 'Lily Evans Potter', 'Dorea Black Potter', 'Charlus Potter', 'Various Characters']","['Alternate Universe - Canon Divergence', 'Alternate Universe - Time Travel', 'Soul Bond', 'Werewolf Mates', 'Violence', 'Explicit Sexual Content', 'Explicit Language', 'Character Death', 'Implied/Referenced Child Abuse']",No summary,English,715940,154/154,6446,14616,6345,1212266
work_26453452,user-4320963,Don't Look Back,Onyx_and_Elm,['Harry Potter - J. K. Rowling'],Explicit,['Choose Not To Use Archive Warnings'],"['F/M', 'M/M']",Work in Progress,17 Aug 2022,"['Hermione Granger/Draco Malfoy', 'Neville Longbottom/Adrian Pucey']","['Draco Malfoy', 'Hermione Granger', 'Neville Longbottom', 'Adrian Pucey']","['Hogwarts Sixth Year', 'Creature Fic', 'Werewolf Draco Malfoy', 'Loss of Virginity', 'Secret Relationship', 'Consensual Non-Consent', 'jekyll and hyde vibes', 'Voyeurism', 'Dominant Hermione', 'Explicit Sexual Content', 'Mating Rituals', 'Gore', 'drugs as foreplay', 'seriously', 'Bad BDSM Etiquette', 'Moral Ambiguity', 'Mind Games', 'Blood Play', 'Consensual Underage Sex', 'Curiosity killed the cat', 'Dark Hermione Granger', 'Mildly Dubious Consent', 'Masochism', 'Forced Proximity', 'Graphic Violence', 'Bloodlust', 'Slow Burn (Sort Of)', 'Torture', 'Veritaserum', 'Consensual Use of the Imperius Curse', 'Multi-Character Death', 'Dead Dove: Do Not Eat']",No summary,English,173644,42/?,8282,24155,5475,1206147
work_1117942,user-68373,Relief Next To Me,dolce_piccante,['One Direction (Band)'],Mature,['Choose Not To Use Archive Warnings'],['M/M'],Complete Work,12 Sep 2015,"['Harry Styles/Louis Tomlinson', 'Zayn Malik/Liam Payne', 'Niall Horan/Original Female Character(s)']","['Harry Styles', 'Louis Tomlinson', 'Liam Payne', 'Zayn Malik', 'Niall Horan', 'Ed Sheeran', 'Gemma Styles', 'Simon Cowell']","['Craigslist', 'Oral Sex', 'Friends With Benefits', 'Fluff and Smut', 'Alternate Universe', 'Rimming', 'Baked Goods', 'Laughter', 'Laughter During Sex', 'Tickling', 'Hand Jobs', 'Cuddling', 'Kissing', 'Making Out', 'Snogging', 'Blow Jobs', 'Car Sex', 'Massage', 'Ass Play', 'Ass to Mouth', 'Felching', 'Foot Massage', 'Anal Sex', 'Anal Fingering', 'Bubble Bath', 'Phone Sex', 'Recreational Drug Use']",No summary,English,333703,25/25,2432,14612,7260,1202663
work_5895148,user-1241512,Harry Has Fun,DepravedDevil,['Harry Potter - J. K. Rowling'],Explicit,['Choose Not To Use Archive Warnings'],"['M/M', 'F/M', 'Multi', 'F/F']",Work in Progress,04 Dec 2018,"['Harry Potter/Harry Potter', 'Petunia Evans Dursley/Harry Potter', 'Vernon Dursley/Harry Potter', 'Dudley Dursley/Harry Potter', 'Vernon Dursley/Harry Potter/Dudley Dursley', 'Petunia Evans Dursley/Harry Potter/Dudley Dursley', 'Dudley Dursley & Vernon Dursley', 'Dudley Dursley/Petunia Evans Dursley', 'Harry Potter/Molly Weasley', 'Harry Potter/Arthur Weasley', 'Harry Potter/Molly Weasley/Arthur Weasley', 'Harry Potter/Percy Weasley', 'Harry Potter/Ron Weasley', 'Hermione Granger/Harry Potter', 'Hermione Granger/Harry Potter/Ron Weasley', 'Harry Potter/Fred Weasley', 'Harry Potter/George Weasley', 'Harry Potter/Fred Weasley/George Weasley', 'Fred Weasley/George Weasley', 'Harry Potter/Ginny Weasley', 'Harry Potter/Original Female Character(s)', 'Harry Potter/Charlie Weasley', 'Charlie Weasley/Ron Weasley', 'Bill Weasley/Charlie Weasley/Ron Weasley', 'Bill Weasley/Ron Weasley', 'Harry Potter/Bill Weasley', 'Harry Potter/Bill Weasley/Charlie Weasley', 'Harry Potter/Original Male Character(s)', 'Harry Potter/Bartemius Crouch', 'Amelia Bones/Harry Potter', 'Amelia Bones/Harry Potter/Original Female Character(s)', 'Kingsley Shacklebolt/Percy Weasley', 'Hermione Granger/Harry Potter/Ginny Weasley', 'Narcissa Black Malfoy/Harry Potter', 'Lucius Malfoy/Harry Potter', 'Lucius Malfoy/Narcissa Black Malfoy/Harry Potter', 'Ginny Weasley/Percy Weasley', 'Fred Weasley/George Weasley/Ron Weasley', 'Arthur Weasley/Bill Weasley/Charlie Weasley', 'Fred Weasley/George Weasley/Molly Weasley', 'Ginny Weasley/Molly Weasley', 'Arthur Weasley/Bill Weasley/Charlie Weasley/Fred Weasley/George Weasley/Percy Weasley/Ron Weasley', 'Susan Bones/Harry Potter', 'Hannah Abbott/Harry Potter', 'Hannah Abbott/Susan Bones', 'Hannah Abbott/Susan Bones/Harry Potter', 'Hermione Granger/Harry Potter/Ginny Weasley/Ron Weasley', 'Draco Malfoy/Harry Potter', 'Draco Malfoy/Lucius Malfoy', 'Draco Malfoy/Narcissa Black Malfoy', 'Luna Lovegood/Harry Potter', 'Ginny Weasley/Ron Weasley', 'Lavender Brown/Harry Potter', 'Katie Bell/Harry Potter', 'Angelina Johnson/Alicia Spinnet', 'Angelina Johnson/Parvati Patil', 'Neville Longbottom/Ginny Weasley', 'Seamus Finnigan/Dean Thomas', 'Neville Longbottom/Harry Potter', 'Angelina Johnson/Harry Potter', 'Harry Potter/Alicia Spinnet', 'Katie Bell/Alicia Spinnet', 'Katie Bell/Angelina Johnson', 'Neville Longbottom/Ron Weasley/Ginny Weasley', 'Ron Weasley/Seamus Finnigan/Dean Thomas/Ginny Weasley', 'Colin Creevey/Harry Potter', 'Albus Dumbledore/Harry Potter', 'Pansy Parkinson/Harry Potter', 'Dean Thomas/Ron Weasley', 'Seamus Finnigan/Neville Longbottom', 'Lavender Brown/Hermione Granger/Harry Potter', 'Poppy Pomfrey/Harry Potter', 'Cedric Diggory/Marietta Edgecombe', 'Cho Chang/Cedric Diggory', 'Cho Chang/Cedric Diggory/Marietta Edgecombe', 'Cedric Diggory/Marietta Edgecombe/Harry Potter', 'Cho Chang/Marietta Edgecombe', 'Peeves/Harry Potter', 'Viktor Krum/Ron Weasley', 'Ron Weasley/Family Members', 'Neville Longbottom/Severus Snape', 'Augusta Longbottom/Neville Longbottom', 'Alice Longbottom/Frank Longbottom/Neville Longbottom', 'Seamus Finnigan/Harry Potter/Dean Thomas', 'Harry Potter/Lisa Turpin', 'Harry Potter/Hermione Granger/Mandy Brocklehurst', 'Hermione Granger/Harry Potter/Lisa Turpin', 'Mandy Brocklehurst/Harry Potter', 'Hermione Granger/Mandy Brocklehurst', 'Mandy Brocklehurst/Lisa Turpin', 'Irma Pince/Harry Potter', 'Hermione Granger/Irma Pince', 'Hermione Granger/Irma Pince/Mandy Brocklehurst/Harry Potter/Lisa Turpin', 'Vincent Crabbe/Gregory Goyle/Harry Potter']","['Harry Potter', 'Petunia Evans Dursley', 'Vernon Dursley', 'Dudley Dursley', 'Arthur Weasley', 'Molly Weasley', 'Ron Weasley', 'Hermione Granger', 'Ginny Weasley', 'Fred Weasley', 'George Weasley', 'Bill Weasley', 'Charlie Weasley', 'Percy Weasley', 'Kingsley Shacklebolt', 'Bartemius Crouch Sr.', 'Amelia Bones', 'Narcissa Black Malfoy', 'Lucius Malfoy', 'Original Veela Character(s)', 'Draco Malfoy', 'Luna Lovegood', 'Lavender Brown', 'Katie Bell', 'Alicia Spinnet', 'Angelina Johnson', 'Parvati Patil', 'Minerva McGonagall', 'Neville Longbottom', 'Seamus Finnigan', 'Dean Thomas', 'Fay Dunbar', 'Colin Creevey', 'Albus Dumbledore', 'Pansy Parkinson', 'Poppy Pomfrey', 'Cedric Diggory', 'Cho Chang', 'Marietta Edgecombe', 'Peeves (Harry Potter)', 'Helena Ravenclaw', 'Viktor Krum', 'Severus Snape', 'Augusta Longbottom', 'Frank Longbottom', 'Alice Longbottom', 'Lisa Turpin', 'Mandy Brocklehurst', 'Irma Pince', 'Vincent Crabbe', 'Gregory Goyle']","['Self-cest', 'Anal Sex', 'Time Travel', 'Time Turner', 'First Time', 'Smut', 'Vaginal Sex', 'Doggy Style', 'Incest', 'Aunt/Nephew Incest', 'Father/Son Incest', 'Mother/Son Incest', 'Cousin Incest', 'Uncle/Nephew Incest', 'Dubious Consent', 'Bukkake', 'Bisexual Male Character', 'Threesome - F/M/M', 'Quickies', 'Voyeurism', 'Brother/Brother Incest', 'Twincest', 'Threesome - M/M/M', 'Blow Jobs', 'Threesome - F/F/M', 'Dominatrix', 'Cunnilingus', 'Sister/Sister Incest', 'Veela', 'Threesome - F/F/F', 'Anal Fingering', 'Mother/daughter incest', 'Rimming', 'Sevensome - M/M/M/M/M/M/M', 'Gay Sex', 'Lesbian Sex', 'Train Sex', 'Carriage Blowjob', 'Invisible sex', 'Semi-Public Sex', 'Oral Sex', 'Rough Sex', 'Felching', 'Gangbang', 'photo sex', 'Audience', 'Painting Sex', 'Versatile Harry Potter', 'Teacher/Student', 'Outdoor Sex', 'Group Sex', 'Pansexual Character', 'Doctor/Patient', 'Explicit Sexual Content', 'Sexual Content', 'Sex', 'Bisexual Characters', 'Bisexual Culture', 'Sexually Awakened Wizarding World', 'Horny Harry', 'Anal', 'Masturbation', 'Polyamory', 'Sex-Crazed Wizards', 'Brother/Sister Incest', 'Sibling Incest', 'Promiscuity', 'Ghost Sex', 'Weasleycest', 'Slut Harry', 'Fuckbuddies', 'Fucking', 'Roommates', 'Dream Sex', 'Wet Dream', 'Library Sex']",No summary,English,157963,32/?,342,5089,887,1196612
work_16692805,user-4791892,契阔(柒)【忘羡肉部分】,yaochen,['魔道祖师 - 墨香铜臭 | Módào Zǔshī - Mòxiāng Tóngxiù'],Mature,['Choose Not To Use Archive Warnings'],['M/M'],Complete Work,21 Nov 2018,['蓝忘机&魏无羡'],['蓝忘机'],['No Freeform Tags'],No summary,中文-普通话 國語,1049,1/1,3,8271,6,1194831
work_22478632,user-6674791,《下坠》,MaiLeDiDiDi,['博君一肖'],Mature,"['No Archive Warnings Apply', 'Underage']",['M/M'],Complete Work,24 Feb 2020,['王一博/肖战'],['No Character Tags'],['No Freeform Tags'],No summary,中文-普通话 國語,81202,13/13,1477,26884,468,1193345
work_4034197,user-68373,Escapade,dolce_piccante,['One Direction (Band)'],Mature,['Choose Not To Use Archive Warnings'],['M/M'],Complete Work,30 May 2015,"['Harry Styles/Louis Tomlinson', 'Niall Horan/Zayn Malik']","['Harry Styles', 'Louis Tomlinson', 'Zayn Malik', 'Liam Payne', 'Niall Horan']","['Minor Character Death', 'Prostitution', 'Fluff and Smut', 'Laughter During Sex', 'Slow Build', 'Weddings', 'Strippers & Strip Clubs', 'Recreational Drug Use', 'Kissing', 'Sharing a Bed', 'Accidental Cuddling', 'Fake/Pretend Relationship', 'Rimming', 'Anal Sex', 'Anal Fingering']",No summary,English,146241,5/5,1905,22501,11369,1179975
work_30170643,user-10428915,Choices,MesserMoon,['Harry Potter - J. K. Rowling'],Mature,['Choose Not To Use Archive Warnings'],"['F/M', 'M/M', 'F/F']",Complete Work,16 Jun 2022,"['Regulus Black/James Potter', 'Sirius Black/Remus Lupin', 'James Potter/Lily Evans Potter']","['James Potter', 'Regulus Black', 'Sirius Black', 'Remus Lupin', 'Lily Evans Potter', 'Peter Pettigrew', 'Fleamont Potter', 'Euphemia Potter', 'Marlene McKinnon', 'Mary Macdonald', 'Frank Longbottom', 'Alice Longbottom', 'Bellatrix Black Lestrange', 'Rodolphus Lestrange', 'Lucius Malfoy', 'Narcissa Black Malfoy']","['Jegulus', 'wolfstar', 'jily', 'Marauders', 'Implied/Referenced Sexual Assault', 'Canon Compliant', 'Mild Sexual Content', 'Canonical Character Death', 'Angst', 'Minor Marlene McKinnon/Dorcas Meadowes']",No summary,English,624187,56/56,7384,22595,4949,1126866
work_16515968,user-4724057,花飞柳  大婚番外,youjie,['魔道祖师 | Módào Zǔshī (Cartoon)'],Not Rated,['Choose Not To Use Archive Warnings'],['No category'],Complete Work,04 Nov 2018,['No Relationship Tags'],['No Character Tags'],['No Freeform Tags'],No summary,中文-普通话 國語,9164,1/1,4,2906,2,1109100
work_15711135,user-4262522,【忘羡】【R18】七夕,zhouyuchuxie,"['魔道祖师 - Fandom', '魔道祖师 - 墨香铜臭 | Módào Zǔshī - Mòxiāng Tóngxiù']",Not Rated,['Rape/Non-Con'],['M/M'],Complete Work,24 Aug 2018,['忘羡 - Relationship'],['No Character Tags'],['No Freeform Tags'],No summary,中文-普通话 國語,5546,2/2,4,8925,22,1097888
work_19893088,user-5772205,藕饼车,Jessica_tian,['哪吒之魔童降世'],Not Rated,['Choose Not To Use Archive Warnings'],['M/M'],Complete Work,21 Jul 2019,['藕饼'],"['敖丙', '哪吒']","['舔龙角', '混天绫捆绑', '堵嘴', '限制射精', '打屁股']",No summary,中文-普通话 國語,8560,1/1,41,10668,97,1097093
work_15153092,user-3861138,All You Want,senlinyu,['Harry Potter - J. K. Rowling'],Explicit,['Choose Not To Use Archive Warnings'],['F/M'],Complete Work,08 Apr 2019,['Hermione Granger/Draco Malfoy'],"['Hermione Granger', 'Ginny Weasley', 'Draco Malfoy', 'Daphne Greengrass', 'Astoria Greengrass', 'Neville Longbottom', 'Theodore Nott', 'Anthony Goldstein', 'Minerva McGonagall', 'Pansy Parkinson']","['Hogwarts Eighth Year', 'Hogwarts Era', 'Post-Battle of Hogwarts', 'Post-War', 'Alternate Universe - Canon Divergence', 'Canon Compliant', 'Not Epilogue Compliant', 'Harry Potter Epilogue What Epilogue | EWE', 'Alpha/Beta/Omega Dynamics', 'Alpha/Omega', 'Alpha Draco Malfoy', 'Omega Hermione Granger', 'Mating Cycles/In Heat', 'Dominance', 'Submission', 'Knotting', 'Courtship', 'Scenting', 'Explicit Sexual Content', 'Porn With Plot', 'Hurt/Comfort', 'Omega Verse', 'Possessive Behavior', 'Attempted Sexual Assault', 'Not By Draco', 'Implied/Referenced Sexual Assault', 'Protective Draco Malfoy', 'Possessive Draco Malfoy', 'Miscommunication', 'Pining Draco Malfoy']",No summary,English,172650,36/36,5746,31261,7345,1095267
work_31646594,user-132263,Harry Potter and the Lust Genie,Riotstarter1214,"['Harry Potter - J. K. Rowling', 'Danny Phantom']",Explicit,['Choose Not To Use Archive Warnings'],['F/M'],Complete Work,28 Jun 2022,"['Hermione Granger/Harry Potter', 'Pansy Parkinson/Harry Potter', 'Amelia Bones/Harry Potter', 'Harry Potter/Aurora Sinistra', 'Katie Bell/Harry Potter', 'Daphne Greengrass/Harry Potter', 'Fleur Delacour/Harry Potter', 'Harry Potter/Rita Skeeter', 'Narcissa Black Malfoy/Harry Potter', 'Penelope Clearwater/Harry Potter', 'Apolline Delacour/Harry Potter', 'Apolline Delacour/Fleur Delacour/Harry Potter', 'Luna Lovegood/Harry Potter', 'Harry Potter/Madam Rosmerta', 'Tracey Davis/Harry Potter', 'Tracey Davis/Daphne Greengrass/Harry Potter', 'Harry Potter/Septima Vector', 'Fleur Delacour/Daphne Greengrass/Harry Potter', 'Angelina Johnson/Harry Potter', 'Harry Potter/Alicia Spinnet', 'Katie Bell/Angelina Johnson/Harry Potter/Alicia Spinnet', 'Harry Potter/Nymphadora Tonks', 'Padma Patil/Parvati Patil/Harry Potter', 'Harry Potter/Ginny Weasley', 'Astoria Greengrass/Harry Potter', 'Flora Carrow/Hestia Carrow/Harry Potter', 'Susan Bones/Harry Potter', 'Apolline Delacour/Fleur Delacour/Gabrielle Delacour/Harry Potter', 'Fleur Delacour/Gabrielle Delacour/Harry Potter', 'Harry Potter/Romilda Vane']","['Harry Potter', 'Desiree (Danny Phantom)', 'Hermione Granger', 'Amelia Bones', 'Nymphadora Tonks', 'Daphne Greengrass', 'Fleur Delacour']","['Anal Sex', 'Anal', 'Anal Play', 'Oral Sex', 'Rough Sex', 'Vaginal Sex', 'Large Cock', 'Cock Worship', 'Wishes', 'Freeuse', 'Anal Beads', 'Punishment', 'Alternate Universe - Genie/Djinn', 'Large Breasts', 'Butt Plugs', 'Cock Slut', 'Mommy Issues', 'Come Swallowing', 'Come Eating', 'Older Woman/Younger Man', 'Deepthroating', 'Loss of Virginity', 'Fuckbuddies', 'Breast Fucking', 'Teacher-Student Relationship', 'Bathroom Sex', 'Mother-Daughter Relationship', 'Parent/Child Incest', 'Incest', 'Light BDSM', 'Come Inflation', 'Facials', 'MILFs', 'Best Friends', 'Bestiality']",No summary,English,919191,63/63,2116,3226,1009,1092905
work_15723606,user-2780321,Total Command,Epsilon110,['僕のヒーローアカデミア | Boku no Hero Academia | My Hero Academia'],Explicit,['Graphic Depictions Of Violence'],"['F/M', 'Multi']",Work in Progress,24 May 2021,"['Midoriya Izuku/Everyone', 'Hatsume Mei & Midoriya Izuku', 'Hatsume Mei/Midoriya Izuku', 'Bakugou Katsuki/Midoriya Izuku', 'Midoriya Izuku/Yaoyorozu Momo', 'Midoriya Izuku/Uraraka Ochako', 'Polydoriya', 'Ashido Mina/Midoriya Izuku', 'Midoriya Izuku/Usagiyama Rumi | Miruko']","['Midoriya Izuku', 'Yagi Toshinori | All Might', 'Midoriya Inko', 'Bakugou Katsuki', 'Hatsume Mei', 'Uraraka Ochako', 'Kayama Nemuri | Midnight', 'Yaoyorozu Momo', 'Todoroki Shouto', 'Ashido Mina', 'Asui Tsuyu', 'Hagakure Tooru', 'Kirishima Eijirou', 'Iida Tenya', 'Class 1-A (My Hero Academia)', 'Shouji Mezou', 'Jirou Kyouka', 'Usagiyama Rumi | Miruko', 'Todoroki Enji | Endeavor', 'Intelli Saiko']","['the kids are aged up', 'BAMF Midoriya Izuku', 'Midoriya Izuku Has a Quirk', 'Fem!Everyone', 'and I mean everyone', 'Except Izuku', 'And quirkless people are all male', 'Fem!Katsuki', 'fem!shouto', 'Katsumi needs a hug', 'she gets one', 'Izuku high-fives death', 'UA is a University', 'Eventual Smut', 'like waaay into the story', '40~ chapters in even', 'Fluff']",No summary,English,311994,76/?,4545,13384,2172,1067440
work_29870343,user-2196358,(the first time) he kissed a boy,buzzcut__season,['SK8 the Infinity (Anime)'],Teen And Up Audiences,['No Archive Warnings Apply'],['M/M'],Complete Work,16 May 2021,['Hasegawa Langa/Kyan Reki'],['No Character Tags'],"['Practice Kissing', 'Mutual Pining', 'oh boy a lot of pining', 'Fluff', 'Light Angst', 'Not Actually Unrequited Love', 'Gay Panic', 'Insecure Kyan Reki', 'Coming Out', 'Fake/Pretend Relationship', 'this is just gratuitous kissing and langa being a disaster gay', 'Panic Attacks', 'Bullying', 'Hurt/Comfort', ""i lied lol apparently it's sad at some parts too"", ""also reki's dad is kinda shitty"", ""it's in the past but please be aware anyway!"", 'Slow Burn', 'i guess ahaha oops']",No summary,English,169722,19/19,5527,29151,5466,1054101
work_18784435,user-5117384,[澄羡/忘羡车]道场,yaqingjei,['魔道祖师 - Fandom'],Not Rated,['Underage'],['M/M'],Complete Work,11 May 2019,['澄羡 忘羡'],['No Character Tags'],['No Freeform Tags'],No summary,中文-普通话 國語,2664,1/1,0,6442,9,1048538
work_2818187,user-375040,口腹之欲（古二沈夏沈，边缘肉文雷慎入）,koinomelody,['古剑奇谭 | Gujian Qitan (Video Games)'],Mature,['Choose Not To Use Archive Warnings'],['M/M'],Work in Progress,11 Feb 2015,"['夏夷则/沈夜', 'xiayize/shenye - Relationship']","['夏夷则', '沈夜']",['No Freeform Tags'],No summary,中文-普通话 國語,51101,10/?,4,3628,15,1043207
work_30610370,user-4987283,Tommyinnit; the three ends and two beginnings,47bats,"['Minecraft (Video Game)', 'Video Blogging RPF']",General Audiences,['Graphic Depictions Of Violence'],['Gen'],Complete Work,22 Jul 2022,"['TommyInnit (Video Blogging RPF) & Everyone', 'Dream SMP Ensemble & TommyInnit', 'Tommyinnit & Ranboo & Tubbo', 'Technoblade & TommyInnit (Video Blogging RPF)', 'Ranboo & TommyInnit (Video Blogging RPF)', 'Tubbo & Tommyinnit', 'Clay | Dream & TommyInnit (Video Blogging RPF)', 'TommyInnit & Phil Watson (Video Blogging RPF)', 'Alexis | Quackity & TommyInnit', 'Sapnap & TommyInnit (Video Blogging RPF)', 'GeorgeNotFound & TommyInnit (Video Blogging RPF)', 'Karl Jacobs & TommyInnit', 'Sam | Awesamdude & TommyInnit', 'Cara | CaptainPuffy & TommyInnit', 'Niki | Nihachu & TommyInnit', 'Floris | Fundy & TommyInnit', 'Jack Manifold & TommyInnit']","['TommyInnit (Video Blogging RPF)', 'Ranboo (Video Blogging RPF)', 'Wilbur Soot', 'Phil Watson (Video Blogging RPF)', 'Technoblade (Video Blogging RPF)', 'Toby Smith | Tubbo', 'Clay | Dream (Video Blogging RPF)', ""Clay | Dream's Sister Drista (Video Blogging RPF)"", 'Niki | Nihachu', 'Jack Manifold', 'Alexis | Quackity', 'Karl Jacobs', 'Sapnap (Video Blogging RPF)', 'GeorgeNotFound (Video Blogging RPF)', 'Floris | Fundy', 'Cara | CaptainPuffy', 'Sam | Awesamdude (Video Blogging RPF)']","['Hurt/Comfort', 'TommyInnit Needs a Break (Video Blogging RPF)', 'TommyInnit Needs a Hug (Video Blogging RPF)', 'Hurt TommyInnit (Video Blogging RPF)', 'Protective Ranboo (Video Blogging RPF)', 'Protective Toby Smith | Tubbo', 'Protective Technoblade (Video Blogging RPF)', 'Protective Everyone', 'Villain Clay | Dream (Video Blogging RPF)', 'Villain Wilbur Soot', 'Implied/Referenced Child Abuse', 'Implied/Referenced Suicide', 'Panic Attacks', 'Emotional Manipulation', 'Blood and Injury', 'Angst', 'Comfort', 'Self-Harm', 'Animal Death', 'Blood and Gore']",No summary,English,186460,31/31,7650,25133,4477,1034935
work_21116591,user-3605781,Salvage,MuffinLance,['Avatar: The Last Airbender'],Teen And Up Audiences,['No Archive Warnings Apply'],['Gen'],Complete Work,27 May 2021,"['Hakoda & Zuko (Avatar)', 'Zuko & The Southern Water Tribe', 'Zuko & Responsible Adult Role Models']","['Zuko (Avatar)', 'Hakoda (Avatar)', 'Bato (Avatar)']","['Hakoda just wants to talk terms', 'Ozai just wants a convenient barbarian to off his son in a politically expedient manner', 'they are having a MINOR DISAGREEMENT on fatherhood', 'Zuko is an Awkward Turtleduck', 'who is very angry about being kept away from Avatar-hunting', 'and also mildly concerned that someone is going to kill him in his sleep', 'which is not stopping him from actively aggravating the enemy crew', 'like a really growly puppy-kitten with a history of abuse', 'let there be BONDING', 'Hakuddles', 'Hurt/Comfort']",No summary,English,127178,20/20,11916,45022,15041,1029711
work_6642847,user-377248,【解药】绿红，pwp，触手play（于是我又飙车了......）,Nastasia0406,['DC Comics'],Not Rated,['Choose Not To Use Archive Warnings'],['M/M'],Complete Work,24 Apr 2016,['No Relationship Tags'],['No Character Tags'],['No Freeform Tags'],No summary,中文-普通话 國語,6807,1/1,4,1951,9,1026078
work_30646853,user-8764702,Hush Now (You Were Lost but Now You’re Found),CorpseArt,"['Dream SMP', 'Minecraft (Video Game)', 'Video Blogging RPF']",Explicit,['Choose Not To Use Archive Warnings'],['Gen'],Work in Progress,17 Sep 2022,"['Wilbur Soot & Technoblade & TommyInnit & Phil Watson', 'Clay | Dream & TommyInnit (Video Blogging RPF)', 'Sam | Awesamdude & TommyInnit', 'Niki | Nihachu & TommyInnit', 'Eret & TommyInnit (Video Blogging RPF)', 'Alexis | Quackity & TommyInnit', 'Toby Smith | Tubbo & Ranboo & TommyInnit', 'GeorgeNotFound & Sapnap & TommyInnit (Video Blogging RPF)']","['TommyInnit (Video Blogging RPF)', 'Wilbur Soot', 'Technoblade (Video Blogging RPF)', 'Phil Watson (Video Blogging RPF)', 'Clay | Dream (Video Blogging RPF)', 'Sam | Awesamdude (Video Blogging RPF)', 'Toby Smith | Tubbo', 'Ranboo (Video Blogging RPF)', 'Niki | Nihachu', 'Eret (Video Blogging RPF)', 'Alexis | Quackity', 'GeorgeNotFound (Video Blogging RPF)', 'Sapnap (Video Blogging RPF)', 'BadBoyHalo (Video Blogging RPF)', 'Jschlatt (Video Blogging RPF)', 'Karl Jacobs', 'Kristin Rosales Watson', 'Charlie | Slimecicle', 'Dream SMP Ensemble']","['Families of Choice', 'Family Dynamics', 'Enemies to Friends to Family', 'Angst and Hurt/Comfort', 'Depression', 'Panic Attacks', 'Post-Traumatic Stress Disorder - PTSD', 'Hero TommyInnit (Video Blogging RPF)', 'Lonely TommyInnit (Video Blogging RPF)', 'Touch-Starved TommyInnit (Video Blogging RPF)', 'Complicated Relationships', 'Dark Sleepy Bois Inc', 'Protective Sleepy Bois Inc', 'Sleepy Bois Inc as Family', 'Morally Ambiguous Character', 'Possessive Behavior', 'Codependency', 'TommyInnit Needs a Hug (Video Blogging RPF)', 'Oblivious TommyInnit (Video Blogging RPF)', ""I mean he's smart but he's also a bit of an idiot when it comes to people"", 'Secret Identity', 'Identity Reveal', 'Trust Issues', 'Loss of Trust', 'Self-Harm', 'Kidnapping', 'Non-Consensual Drug Use', 'Interrogation', 'Torture', 'Aftermath of Torture', 'Blood and Gore', 'Body Horror', 'Dead Dove: Do Not Eat', 'TommyInnit is Not Okay (Video Blogging RPF)', 'Wilbur Soot is Not Okay', 'Feral Behavior', 'Domestic Fluff', 'Brotherly Affection', 'Platonic Cuddling', 'Unreliable Narrator', 'Self-Discovery', 'Rated For Violence']",No summary,English,242113,44/?,6518,23890,4554,1019573
work_17506880,user-4937693,【羡澄】大人的童话（双性ABO道具车）,miesay,['魔道祖师 | Módào Zǔshī (Cartoon)'],Not Rated,['Choose Not To Use Archive Warnings'],['M/M'],Complete Work,22 Jan 2019,['羡澄'],['No Character Tags'],['No Freeform Tags'],No summary,中文-普通话 國語,3080,1/1,1,3684,6,1008620
work_30856244,user-51893,Lily's Boy,SomewheresSword,['Harry Potter - J. K. Rowling'],Explicit,['Underage'],"['F/F', 'F/M', 'M/M']",Complete Work,14 Jan 2022,"['Draco Malfoy/Harry Potter', 'Remus Lupin/Severus Snape', 'Neville Longbottom/Ginny Weasley', 'Sirius Black/Charlie Weasley']","['Harry Potter', 'Draco Malfoy', 'Neville Longbottom', 'Remus Lupin', 'Severus Snape', 'Sirius Black', 'Susan Bones']","['AU from PoA', 'Powerful Harry Potter', 'Manipulative Albus Dumbledore', 'Political Harry Potter', 'Not Molly/Ron/Hermione friendly', 'Implied/Referenced Child Abuse', 'Tropes', 'More tags to follow', 'Canonical Character Death', 'Non-Canonical Character Death', 'Semi sentient Hogwarts', 'Nonbinary Character']",No summary,English,746386,109/109,7471,21060,6588,1007799
work_10795731,user-2866037,The Songbird and the Sea,maia_archives,['방탄소년단 | Bangtan Boys | BTS'],Mature,['Graphic Depictions Of Violence'],['M/M'],Complete Work,25 Dec 2017,"['Min Yoongi | Suga/Park Jimin', 'Jeon Jungkook/Kim Taehyung | V', 'Kim Namjoon | Rap Monster/Kim Seokjin | Jin']","['Min Yoongi | Suga', 'Park Jimin (BTS)', 'Jeon Jungkook', 'Kim Taehyung | V', 'Kim Namjoon | Rap Monster', 'Kim Seokjin | Jin', 'Jung Hoseok | J-Hope']","['Alternate Universe - Pirates', 'Alternate Universe - Fantasy', 'Action/Adventure', 'Magic', 'Romance', 'Violence', 'Battle Scenes', 'Historical', '-Ish', 'Slow Build', 'Slow Burn', 'Enemies to Lovers', 'Hate to Love', 'First Time', 'Humor', 'Pirate Captain!Yoongi', 'Kidnapped!Jimin', 'First Mate!Namjoon', 'Quartermaster!Taehyung', 'Ship Surgeon!Hoseok', 'Navigator!Jeongguk', 'Ship Cook!Jin', 'Grumpy Min Yoongi | Suga', 'understatement of the year', 'Park Jimin Is a Sweetheart', ""But Park Jimin Don't Take No Shit"", 'Minor Original Character(s)', 'Minor Character Death', 'well that was straightforward of me', 'A Shitload of Plot', 'YO-HO-HO HERE WE GO BITCHES']",No summary,English,255878,34/34,7332,40783,10143,1005984
work_22230682,user-223039,The Darkening of Your Soul,Maeglin_Yedi,['Harry Potter - J. K. Rowling'],Mature,['Underage'],['M/M'],Work in Progress,22 Aug 2022,"['Harry Potter/Tom Riddle', 'Harry Potter/Tom Riddle | Voldemort', 'Harry Potter/Voldemort']","['Harry Potter', 'Tom Riddle', 'Lord Voldemort', 'Luna Lovegood', 'Albus Dumbledore', 'Severus Snape', 'Draco Malfoy', 'Neville Longbottom', 'Blaise Zabini', 'Theodore Nott', 'Daphne Greengrass', 'Pansy Parkinson', 'Ernie Macmillan', 'Justin Finch-Fletchley', 'Tracey Davis (Harry Potter)', 'Susan Bones', 'Hannah Abbott', 'Peter Pettigrew', 'Sirius Black', 'Remus Lupin', 'Kreacher (Harry Potter)', 'Ron Weasley', 'Hermione Granger', 'Minerva McGonagall', 'Bartemius Crouch Jr.']","['Enemies to Friends to Lovers', 'Time Travel', 'Time Travel Fix-It', 'Alternate Universe - Time Travel', 'Do-Over', 'Fix-It', 'Fix-It of Sorts', 'Eventual Smut', 'Eventual Happy Ending', 'Master of Death Harry Potter', 'Bottom Harry', 'Morally Grey Harry Potter', 'Consensual Underage Sex', 'eventually', 'Sane Tom Riddle', 'Possessive Tom Riddle', 'Top Tom Riddle', 'Idiots in Love', 'Harry Potter is a Horcrux', 'Harry Potter is So Done', 'Harry Potter is a Brat', 'Harry Potter is Bad at Feelings', 'BAMF Neville Longbottom', 'Neville Longbottom is a Good Friend', 'No character bashing', 'BAMF Luna Lovegood', 'Luna Lovegood is a Good Friend', 'Manipulative Albus Dumbledore', 'Misguided Albus Dumbledore', 'Angst and Humor', 'Maybe some character bashing', 'Slytherin Harry Potter', 'Good Slytherins', 'Slytherins Being Slytherins', 'Oblivious Harry Potter', 'Sane Voldemort (Harry Potter)', 'Somewhat Good Voldemort (Harry Potter)', 'Harry Potter is the Heir to the House of Black', 'POV Harry Potter', 'Post-Traumatic Stress Disorder - PTSD', 'Mental Health Issues', 'Past Child Abuse']",No summary,English,244578,53/?,7965,29951,8643,995316
work_3592992,user-167494,Unbelievers,isthatyoularry,['One Direction (Band)'],Explicit,['No Archive Warnings Apply'],['M/M'],Complete Work,15 Jun 2015,['Harry Styles/Louis Tomlinson'],"['Louis Tomlinson', 'Harry Styles', 'Lottie Tomlinson', 'Niall Horan', 'Minor:', 'Liam Payne', 'Anne Twist', 'Jay Deakin', 'Mark Tomlinson', 'Zayn Malik']","['Louis and Harry are co-captains of the football team', 'Mortal enemies with benefits', ""Harry's family is complicated"", ""Louis' family is very complicated"", 'nouis friendship', 'Smut', 'Swearing', 'football is more important than anything', 'alternative universe', 'Love/Hate', 'Enemies to Lovers', 'Enemies to Friends']",No summary,English,136814,10/10,1439,20362,9095,992184
work_14089290,user-3924447,【路人叶】你真美味 1,xiuxiudepipi,['全职高手 - 蝴蝶蓝 | Quánzhí Gāoshǒu - Húdié Lán'],Explicit,['No Archive Warnings Apply'],['M/M'],Complete Work,25 Mar 2018,['No Relationship Tags'],['No Character Tags'],['No Freeform Tags'],No summary,中文-普通话 國語,7413,1/1,0,3732,40,990768
work_16392173,user-357514,The Way You Used To Do,edema_ruh,['僕のヒーローアカデミア | Boku no Hero Academia | My Hero Academia'],Teen And Up Audiences,['Graphic Depictions Of Violence'],['M/M'],Complete Work,20 Apr 2021,"['Bakugou Katsuki/Midoriya Izuku', 'Bakugou Katsuki & Midoriya Izuku', 'Ashido Mina & Bakugou Katsuki & Jirou Kyouka & Kaminari Denki & Kirishima Eijirou & Sero Hanta']","['Midoriya Izuku', 'Bakugou Katsuki', 'Class 1-A (My Hero Academia)', 'Yagi Toshinori | All Might', 'Aizawa Shouta | Eraserhead', 'Midoriya Inko', 'Bakugou Masaru', 'Bakugou Mitsuki']","['Soul Bond', 'Enemies to Friends to Lovers', 'Slow Burn', 'Mutual Pining', 'Pining', 'Hurt/Comfort', 'Emotional Hurt/Comfort', 'Angst', 'Angst with a Happy Ending', 'Fluff', 'Whump', 'Blood and Injury', 'Post-Traumatic Stress Disorder - PTSD', 'Recovery', 'Character Development', 'Developing Relationship', 'First Kiss', 'Therapy', 'Sign Language', 'Hard of Hearing Bakugou Katsuki', 'Deaf Bakugou Katsuki', 'Bakugou Katsuki Swears A Lot', 'Bakugou Katsuki is Bad at Feelings', 'Protective Bakugou Katsuki', 'Pining Bakugou Katsuki', 'Oblivious Bakugou Katsuki', 'Hurt Bakugou Katsuki', 'BAMF Bakugou Katsuki', 'Bakugou Katsuki Whump', 'Touch-Starved Bakugou Katsuki', 'Jealous Bakugou Katsuki', 'Jealous Midoriya Izuku', 'Oblivious Midoriya Izuku', 'Hurt Midoriya Izuku', 'Pining Midoriya Izuku', 'BAMF Midoriya Izuku', 'Protective Midoriya Izuku', 'Midoriya Izuku Whump', 'Dekusquad (My Hero Academia)', 'Bakusquad (My Hero Academia)', 'Sharing a Bed', 'Cuddling & Snuggling', 'Accidental Cuddling', 'Miscommunication', 'Near Death Experiences', 'Bakugou Katsuki Has One for All Quirk', 'Midoriya Izuku Has One for All Quirk', 'Bakugou Katsuki Has PTSD - Post-Traumatic Stress Disorder', 'Bakugou Katsuki Has Feelings', 'Worried Bakugou Katsuki', 'Ghost Midoriya Izuku', 'Character Turned Into a Ghost', 'Character Study', 'Bakugou Katsuki Redemption', 'Bakugou Katsuki Being an Asshole']",No summary,English,670230,30/30,4940,24972,6275,986657
work_2080878,user-118395,I Am Groot,sherlocksmyth,"['Guardians of the Galaxy - All Media Types', 'Marvel', 'Marvel (Movies)', 'Marvel (Comics)', 'Guardians of the Galaxy (Comics)']",Explicit,['Choose Not To Use Archive Warnings'],['No category'],Complete Work,04 Aug 2014,['No Relationship Tags'],['Groot (Marvel)'],['No Freeform Tags'],No summary,English,1308,1/1,3935,125162,4995,984712
work_16669654,user-4784548,情迷纽蒙迦德(ABO，PWP，涉及怀孕，射尿),claudiaaw,['Fantastic Beasts and Where to Find Them (Movies)'],Mature,['No Archive Warnings Apply'],['M/M'],Complete Work,19 Nov 2018,['Gellert Grindelwald/Albus Dumbledore'],['Albus Dumbledore'],['No Freeform Tags'],No summary,中文-普通话 國語,4584,1/1,5,2591,26,965218
work_7579309,user-2203441,【周黄】一个深夜（产乳）,qianquanmoshi,['no - Fandom'],Mature,['Choose Not To Use Archive Warnings'],['No category'],Complete Work,25 Jul 2016,['No Relationship Tags'],['No Character Tags'],['No Freeform Tags'],No summary,中文-普通话 國語,210,1/1,0,4366,7,963967
work_16695106,user-4791892,【撒野】白日,yaochen,['撒野'],Mature,['Choose Not To Use Archive Warnings'],['M/M'],Complete Work,21 Nov 2018,['顾飞&蒋丞'],['顾飞'],['No Freeform Tags'],No summary,中文-普通话 國語,4626,1/1,5,4725,9,958506
work_8211566,user-801728,Of Harrowed Hearts,Sable_Scribe,['Naruto'],Teen And Up Audiences,['No Archive Warnings Apply'],"['F/F', 'F/M', 'M/M', 'Multi']",Work in Progress,08 Mar 2021,"['Uchiha Sasuke/Uzumaki Naruto', 'Hatake Kakashi/Uchiha Obito', 'Dai-nana-han | Team 7 & Hatake Kakashi', 'Hatake Kakashi & Umino Iruka', 'Hatake Kakashi & Shiranui Genma', 'Kyuubi | Nine-tails | Kurama & Uzumaki Naruto', 'Team 7 & Kurama', 'Hyuuga Neji/Nara Shikamaru', 'Eventual Gaara/Kimimaro', 'Uchiha Itachi/Uchiha Shisui', 'Uchiha Obito & Akatsuki', 'Gaara & Team 7', 'Sarutobi Asuma/Yuuhi Kurenai', 'Nagato | Pain/Yahiko', 'Hoshigaki Kisame & Uchiha Itachi', 'Uchiha Itachi & Uchiha Shisui', 'Sarutobi Asuma & Dai-jippan | Team 10', 'Yuuhi Kurenai & Team 8', 'Haruno Sakura/Yamanaka Ino']","['Uzumaki Naruto', 'Kyuubi | Nine-tails | Kurama', 'Uchiha Sasuke', 'Haruno Sakura', 'Hatake Kakashi', 'Uchiha Obito', 'Uchiha Itachi', 'Akatsuki (Naruto)', 'Jinchuuriki (Naruto)', 'Bijuu | Tailed Beasts (Naruto)', 'Sannin (Naruto)']","['Fix-It', 'Families of Choice', 'Unconventional Families', 'Breaking of the Team-7 Legacy of BS', 'HARD', 'Like so Hard Other Generations Feel It', 'Sorry dude I drew the line at Moon Magic and Aliens', 'Mostly Canon Otherwise', 'Alternate Universe - Canon Divergence', 'Angst', ""It's an Uchiha thing"", 'Sakura Being a Badass', 'Because Really Now', 'Oblivious Uzumaki Naruto', 'Baby Badasses', 'This idea got out of hand real fast', ""Naruto's ability to make friends with giant chakra demons surfaces early"", 'They all turn into vicious little monsters', 'Hiruzen did not sign up for this shit', 'Kakashi get your Gennin under control dammit', ""they're breaking my village again""]",No summary,English,247273,37/?,7861,27687,9471,952577
work_4701869,user-103410,Oh God Not Again!,Sarah1281,['Harry Potter - J. K. Rowling'],General Audiences,['No Archive Warnings Apply'],['Gen'],Complete Work,01 Sep 2015,"['Hermione Granger & Harry Potter & Ron Weasley', 'Draco Malfoy & Harry Potter', 'Neville Longbottom & Harry Potter', 'Sirius Black & Remus Lupin & Harry Potter', 'Luna Lovegood & Harry Potter']","['Harry Potter', 'Sirius Black', 'Hermione Granger', 'Ron Weasley', 'Neville Longbottom', 'Draco Malfoy', 'Severus Snape', 'Remus Lupin', 'Luna Lovegood', 'Cedric Diggory', 'Percy Weasley', 'Dobby (Harry Potter)', 'Fred Weasley', 'George Weasley']","['Old Fic', 'Humor', 'Time Travel', 'like literally - Freeform', 'originally posted september13 2008 on ff.net', 'story completed as of december 22 2009', 'also I read all comments', 'of course I read all comments']",No summary,English,150710,50/50,4010,29451,8105,952447
work_23032696,user-5043851,A Hero Rises,Zabeck,['僕のヒーローアカデミア | Boku no Hero Academia | My Hero Academia'],Explicit,['Choose Not To Use Archive Warnings'],"['F/F', 'F/M', 'Multi']",Work in Progress,16 Sep 2022,"['Midoriya Izuku/Toga Himiko', 'Midoriya Izuku/Uraraka Ochako', 'Midoriya Izuku/Yaoyorozu Momo', 'Hagakure Tooru/Midoriya Izuku', 'Jirou Kyouka/Midoriya Izuku', 'Ashido Mina/Midoriya Izuku', 'Asui Tsuyu/Midoriya Izuku', 'Bakugo Katsuki/Consequences', 'Midoriya Izuku & Yagi Toshinori | All Might', 'Midoriya Izuku & Nedzu', 'Midoriya Izuku/Everyone', 'Izuku/Himiko/Ochako/Momo/Tooru/Kyouka/Mina/Tsuyu', 'Aizawa Shouta | Eraserhead/Kayama Nemuri | Midnight/Yamada Hizashi | Present Mic', 'Hatsume Mei/Iida Tenya', 'Midoriya Inko/Yagi Toshinori | All Might']","['Midoriya Izuku', 'Toga Himiko', 'Uraraka Ochako', 'Yaoyorozu Momo', 'Ashido Mina', 'Asui Tsuyu', 'Jirou Kyouka', 'Hagakure Tooru', 'Yagi Toshinori | All Might', 'Midoriya Inko', 'Shimura Nana', 'Nedzu (My Hero Academia)', 'Sensei | All For One', 'Past One For All Users (My Hero Academia)', 'Akaguro Chizome | Stain', 'Aizawa Shouta | Eraserhead', 'Shuuzenji Chiyo | Recovery Girl', 'Kayama Nemuri | Midnight', 'Yamada Hizashi | Present Mic', 'Kan Sekijirou | Vlad King', 'Todoroki Shouto', 'Bakugou Katsuki', 'Satou Rikidou', 'Kouda Kouji', 'Aoyama Yuuga', 'Sero Hanta', 'Kaminari Denki', 'Shouji Mezou', 'Ojiro Mashirao', 'Iida Tenya', 'Kirishima Eijirou', 'Gran Torino (My Hero Academia)', 'Hatsume Mei', 'Tokoyami Fumikage']","['Parental Yagi Toshinori | All Might', 'All might is a better teacher', 'Toga Himiko is a Good Friend', 'Toga Himiko is Not a Villain', 'Polyamorous relationship', 'Harems', 'Parental Nedzu (My Hero Academia)', 'Bakugo pays', 'One For All Quirk (My Hero Academia)', 'Himiko Toga replaces Mineta Minoru', 'Fluff and Smut', 'Bakugo Katsuki gets dunked on', 'Angst and Fluff and Smut', 'Light Angst', 'Blood Drinking', 'Knifeplay', 'Bloodplay', 'Anal Sex', 'Anal Fingering', 'Rimming', 'Body Horror', 'Aged-Up Character(s)', 'U.A. is a University (My Hero Academia)']",No summary,English,661547,125/?,7566,7106,1588,951807
work_16568465,user-4738169,【花怜】芙蓉帐暖,Bluesea2021,['花城x谢怜'],Explicit,['Choose Not To Use Archive Warnings'],['M/M'],Complete Work,09 Nov 2018,['No Relationship Tags'],['No Character Tags'],['No Freeform Tags'],No summary,中文-普通话 國語,5171,1/1,10,4569,15,945558
work_31319468,user-5161022,No Cause for Concern,hedgehoggeryyy,"['Minecraft (Video Game)', 'Dream SMP']",Teen And Up Audiences,['No Archive Warnings Apply'],['Gen'],Work in Progress,02 Apr 2022,"['Wilbur Soot & Technoblade & TommyInnit & Phil Watson', 'Technoblade & TommyInnit (Video Blogging RPF)', 'Wilbur Soot & TommyInnit', 'TommyInnit & Phil Watson', 'Ranboo & TommyInnit (Video Blogging RPF)', 'Tommyinnit & Tubbo']","['TommyInnit (Video Blogging RPF)', 'Wilbur Soot', 'Technoblade (Video Blogging RPF)', 'Phil Watson (Video Blogging RPF)', 'Ranboo (Video Blogging RPF)', 'Toby Smith | Tubbo', 'Clay | Dream (Video Blogging RPF)', 'Jschlatt (Video Blogging RPF)', 'Dream SMP Ensemble', 'Captain Puffy', 'Sam | Awesamdude']","['Ranboo & TommyInnit Friendship (Video Blogging RPF)', 'Vigilante TommyInnit (Video Blogging RPF)', 'Hero Wilbur Soot', 'Hero Technoblade (Video Blogging RPF)', 'Hero Phil Watson (Video Blogging RPF)', 'Angel of Death Phil Watson (Video Blogging RPF)', 'Parent Phil Watson (Video Blogging RPF)', 'Protective Phil Watson (Video Blogging RPF)', 'Bird Hybrid Phil Watson (Video Blogging RPF)', 'Avian Phil Watson (Video Blogging RPF)', 'Older Sibling Wilbur Soot', 'Protective Wilbur Soot', 'Older Siblings Wilbur Soot and Technoblade', 'TommyInnit Nearly Dies (Video Blogging RPF)', 'Touch-Starved TommyInnit (Video Blogging RPF)', 'TommyInnit Needs a Break (Video Blogging RPF)', 'BAMF Ranboo (Video Blogging RPF)', ""Jschlatt is Toby Smith | Tubbo's Parent"", 'Chaotic Toby Smith | Tubbo and TommyInnit', 'TommyInnit-centric (Video Blogging RPF)', 'Alternate Universe - Superheroes/Superpowers', 'Villain Jschlatt (Video Blogging RPF)', 'Hurt TommyInnit (Video Blogging RPF)', 'Hurt/Comfort', 'Emotional Hurt/Comfort', 'Angst and Hurt/Comfort', 'Canon-Typical Violence', 'Implied/Referenced Child Abuse']",No summary,English,189080,35/41,5705,22041,4585,942962
work_18296699,user-5290673,abo界忘羡车,Maoshangyue,['魔道祖师 - Fandom'],Explicit,['Underage'],['M/M'],Complete Work,31 Mar 2019,['Lan Wangji/Wei Wuxian'],"['Lan Wangji', 'Wei Wuxian']",['No Freeform Tags'],No summary,中文-普通话 國語,3344,1/1,4,5599,14,938121
work_17223746,user-4962620,伪装学渣 高中宿舍,LeviSaya,['伪装学渣 - 木瓜黄 | Wěi Zhuāng Xué Zhā - Mù Guā Huáng'],Explicit,['Choose Not To Use Archive Warnings'],['M/M'],Complete Work,30 Dec 2018,['No Relationship Tags'],['No Character Tags'],['No Freeform Tags'],No summary,中文-普通话 國語,1861,1/1,7,7053,17,930235
work_21796579,user-1727390,the heartbreak prince,diasterisms,['Star Wars Sequel Trilogy'],Explicit,['No Archive Warnings Apply'],['F/M'],Complete Work,30 Nov 2021,"['Kylo Ren/Rey', 'Rey/Ben Solo | Kylo Ren']","['Kylo Ren', 'Ben Solo | Kylo Ren', 'Rey (Star Wars)']","['Alternate Universe - Hogwarts', 'Teacher-Student Relationship', 'Rey is 18 and Ben is 28', 'Let the Wand-based Innuendos Commence', 'Power Dynamics', 'Size Difference', 'Praise Kink', 'Sexual Experimentation', 'Dirty Talk', 'I’m A Trash Can Not A Trash Can’t']",No summary,English,239716,49/49,12968,28920,4144,925695
work_21651097,user-1050624,Rough Day,guardianangelcas,"['The Mandalorian (TV)', 'Star Wars - All Media Types']",Explicit,['No Archive Warnings Apply'],['F/M'],Work in Progress,02 Aug 2021,"['The Mandalorian (The Mandalorian TV)/Reader', 'The Mandalorian/Reader', 'The Mandalorian/You', 'Mando/reader', 'Mando/you', 'Din Djarin/Reader', 'Din Djarin/You']","['The Mandalorian (The Mandalorian TV)', 'Baby Yoda (The Mandalorian TV)', 'Reader']","['Smut', 'Reader Insert', 'keep the helmet on', 'whoops my hand slipped', 'some descriptions of blood', 'Oral Sex', 'watch me make shit up about space', 'in this house daddy mando hours are twenty four fucking seven', 'Dirty Talk', 'exhibition kink', 'dont lie we all knew it was coming', 'favreau forgive me', 'Rough Sex', 'this is DISGUSTANG']",No summary,English,188255,19/?,3141,17307,4581,911908
work_20365015,user-4591610,The Dragon Cub,alperez,"['Game of Thrones (TV)', 'A Song of Ice and Fire - George R. R. Martin']",Not Rated,"['Graphic Depictions Of Violence', 'Major Character Death', 'Underage']",['F/M'],Complete Work,09 Aug 2021,"['Jon Snow/Margaery Tyrell', 'Jaime Lannister & Jon Snow', 'Jon Snow & Joy Hill', 'Jaime Lannister/Dacey Mormont', 'Tyrion Lannister/Arianne Martell', 'Wynafryd Manderly/Robb Stark', 'Gerion Lannister/Ashara dayne', 'Jon Snow & Loras Tyrell', 'Jon Snow & House Lannister']","['Jaime Lannister', 'Jon Snow', 'Margaery Tyrell', 'Tyrion Lannister', 'Ned Stark', 'Joy Hill', 'Gerion Lannister', 'Barristan Selmy', 'Dacey Mormont', 'Arthur Dayne', 'Richard Lonmouth', 'Loras Tyrell', 'Wyman Manderly', 'Genna Lannister', 'Sansa Stark', 'Robb Stark', 'Benjen Stark', 'Arya Stark']","['AU', 'R Plus L Equals J', 'Jon has dragon', 'Slow Build', 'The Prince That Was Promised', 'Not for Catelyn fans']",No summary,English,1900368,195/195,21268,8487,1471,911286
work_10404927,user-1578010,Harry Potter and the Shadowed Light,Itshannieee,['Harry Potter - J. K. Rowling'],Mature,['No Archive Warnings Apply'],"['M/M', 'F/M']",Work in Progress,16 Aug 2022,"['Harry Potter/Tom Riddle', 'Harry Potter/Voldemort', 'Harry Potter & Neville Longbottom', 'Sirius Black/Severus Snape', 'Lucius Malfoy/Narcissa Black Malfoy', 'Luna Lovegood & Harry Potter', 'Draco Malfoy & Harry Potter']","['Harry Potter', 'Tom Riddle | Voldemort', 'Kreacher (Harry Potter)', 'Ron Weasley', 'Ginny Weasley', 'Molly Weasley', 'Arthur Weasley', 'Hermione Granger', 'Severus Snape', 'Albus Dumbledore', 'Death (Harry Potter)', 'Sirius Black', 'Remus Lupin', 'Draco Malfoy', 'Lucius Malfoy', 'Narcissa Black Malfoy', 'George Weasley', 'Fred Weasley', 'Neville Longbottom', 'Luna Lovegood', 'Minerva McGonagall', 'Filius Flitwick', 'Hannah Abbott', 'Susan Bones', 'Blaise Zabini', 'Pansy Parkinson', 'Goblins (Harry Potter)']","['Manipulative Dumbledore', 'Evil Dumbledore', 'Weasley Bashing', 'Dark Harry', 'Good Death Eaters', 'Good Voldemort', 'Time Travel', 'Master of Death Harry Potter', 'Ravenclaw', 'Ravenclaw Harry', 'Do-Over', 'Pre-Slash', 'Independent Harry', 'Smart Harry', 'Master of Death', 'Soul Bond', 'apparently the dark side does indeed have cookies', 'Hermione Granger Bashing', 'OOC characters', 'OOC Harry', 'BAMF!Harry', 'Time Travel Fix-It', 'Dumbledore Bashing', 'Slow Build', 'Alternate Universe - Canon Divergence', 'BAMF!Goblins', 'Good Tom Riddle', 'Immortal Harry', 'The Deathly Hallows', 'Sane Voldemort', 'Sane Tom Riddle', 'Good Malfoy Family', 'Harry Potter is a Horcrux', 'It may have taken 190000 words but Toms finally back!', 'Manipulative Albus Dumbledore', 'Ron Weasley Bashing', 'Molly Weasley Bashing', 'Ginny Weasley Bashing']",No summary,English,264177,45/?,3926,27844,8318,911253
work_384548,user-43188,The Rise of the Drackens,StarLight_Massacre,['Harry Potter - J. K. Rowling'],Explicit,['Choose Not To Use Archive Warnings'],['M/M'],Work in Progress,03 Jun 2021,['Draco Malfoy/Harry Potter/Blaise Zabini/Original Character(s)'],['No Character Tags'],"['Part of the Dracken Universe', 'Creature Fic', 'Mpreg', 'Family Fic with Babies', 'Submissive Harry', 'Polyamory']",No summary,English,1333997,132/?,5389,12421,3026,903044
work_14253384,user-3991200,The Power of Seven,VelvetInferno,['Harry Potter - J. K. Rowling'],Explicit,['Underage'],"['F/F', 'F/M', 'Multi']",Complete Work,03 Apr 2021,"['Harry Potter/Ginny Weasley', 'Hermione Granger/Harry Potter', 'Luna Lovegood/Harry Potter', 'Harry Potter/Demelza Robins', 'Susan Bones/Harry Potter', 'Katie Bell/Harry Potter', 'Fleur Delacour/Harry Potter', 'Harry Potter/Multi', 'Harry Potter/Harem']","['Harry Potter', 'Ginny Weasley', 'Hermione Granger', 'Luna Lovegood', 'Ron Weasley', 'Demelza Robins', 'Susan Bones', 'Katie Bell', 'Fleur Delacour', 'Albus Dumbledore']","['lots of explicit sex', 'magic is used creatively', 'lots of kinks are explored', 'I maintain characterizations as much as possible', 'bonuses: Plot! Character development!', 'but yeah lots of sex too', 'Polyamory', 'Shameless Smut', 'Soul Bond', 'Light BDSM', 'Cuckquean', 'Voyeurism', 'D/s', 'Dom/sub', 'And Much More - Freeform', 'Harem', 'Threesome - F/F/M', 'Oral Sex', 'Cunnilingus', 'Masturbation', 'Blow Jobs', 'Cum Play', 'Foursome - F/F/F/M', 'Light F/F', 'Dom/sub Play', 'Sex Magic', 'Breast Fucking', 'Vaginal Fingering', 'mdom', 'Fdom', 'Switching', 'Character Death', 'Implied/Referenced Rape/Non-con', 'Torture', 'Orgy', 'Mental Link', 'Fluff and Smut']",No summary,English,283598,81/81,2841,6270,1495,895131
work_11478249,user-1590731,Worth the Candle,Alexander Wales (cthulhuraejepsen),['Original Work'],Not Rated,['Choose Not To Use Archive Warnings'],['No category'],Complete Work,07 Aug 2021,['No Relationship Tags'],['No Character Tags'],"['WorthTheCandle', 'LitRPG', 'Self-Insert']",No summary,English,1654263,254/254,2529,7802,672,893392
work_28045056,user-4281701,"I was a kid in a village, doing alright, then I became a prince overnight",sircantus,['Dream SMP'],Teen And Up Audiences,['Choose Not To Use Archive Warnings'],['Gen'],Work in Progress,28 Apr 2022,"['Toby Smith | Tubbo & TommyInnit', 'Wilbur Soot & Technoblade & TommyInnit & Phil Watson']","['Phil Watson (Video Blogging RPF)', 'Wilbur Soot', 'TommyInnit (Video Blogging RPF)', 'Niki | Nihachu', 'Technoblade (Video Blogging RPF)', 'Tubbo', 'Dream SMP Ensemble']","['Antarctic Empire lets GO', 'In which I rant about the royal family', 'And I also worldbuild', 'we love to see it', 'Family Dynamics', 'Fluff', 'Domestic Fluff', 'Action/Adventure', 'Alternative Universe - Kingdom', 'In which Phil adopts Wilbur and Techno early on', 'And then finds Tommy', ""then goes: y'know what maybe another son wouldn't hurt"", 'Wilbur and Technoblade are twins', ""we got so much plot coming on and it's great"", ""We're here for wholesome feels and nothing else"", 'Author Is Sleep Deprived', 'No Angst', 'Found Family', 'Crack Treated Seriously']",No summary,English,116838,27/?,5702,29622,5244,893216
work_11449815,user-3251244,【忘羨】來呀相互傷害呀（番外）,kehsin384,"['魔道祖师 - 墨香铜臭 | Módào Zǔshī - Mòxiāng Tóngxiù', '忘羨 - Fandom']",General Audiences,['Underage'],['M/M'],Complete Work,09 Jul 2017,['No Relationship Tags'],['No Character Tags'],['魔道祖师'],No summary,中文-普通话 國語,22994,1/1,1,3008,3,890843
work_28040130,user-2861681,Harry's Sexy One-Shots,Dasteiza,['Harry Potter - J. K. Rowling'],Explicit,['Graphic Depictions Of Violence'],"['F/F', 'F/M', 'Multi']",Work in Progress,18 Aug 2022,"['Parvati Patil/Harry Potter', 'Lavender Brown/Harry Potter', 'Daphne Greengrass/Harry Potter', 'Hermione Granger/Harry Potter', 'Bellatrix Black Lestrange/Harry Potter', 'Harry Potter/Lily Evans Potter', 'Harry Potter/Aurora Sinistra', 'Luna Lovegood/Harry Potter', 'Amelia Bones/Harry Potter', 'Harry Potter/Nymphadora Tonks', 'Fleur Delacour/Gabrielle Delacour/Harry Potter', 'Fleur Delacour/Harry Potter', 'Gabrielle Delacour/Harry Potter', 'Padma Patil/Parvati Patil/Harry Potter', 'Susan Bones/Harry Potter', 'Tracey Davis/Harry Potter', 'Narcissa Black Malfoy/Harry Potter', 'Astoria Greengrass/Harry Potter', 'Harry Potter/Ginny Weasley', 'Harry Potter/Victoire Weasley', 'Pansy Parkinson/Harry Potter', 'Mrs Greengrass/Harry Potter', 'Luna Lovegood/Harry Potter/Ginny Weasley', 'Astoria Greengrass/Daphne Greengrass/Harry Potter', 'Penelope Clearwater/Harry Potter', 'Harry Potter/Andromeda Black Tonks', 'Harry Potter/Andromeda Black Tonks/Nymphadora Tonks', 'Angelina Johnson/Harry Potter']","['Harry Potter', 'Parvati Patil', 'Lavender Brown', 'Daphne Greengrass', 'Fleur Delacour', 'Hermione Granger', 'Bellatrix Black Lestrange', 'Susan Bones', 'Lily Evans Potter', 'Aurora Sinistra', 'Luna Lovegood', 'Amelia Bones', 'Nymphadora Tonks', 'Gabrielle Delacour', 'Padma Patil', 'Tracey Davis (Harry Potter)', 'Narcissa Black Malfoy', 'Astoria Greengrass', 'Ginny Weasley', 'Victoire Weasley', 'Pansy Parkinson', 'Mrs Greengrass (Harry Potter)', 'Andromeda Black Tonks']","['Anal Sex', 'Vaginal Sex', 'Foot Fetish', 'Oral Sex', 'Fingering', 'Rimming', 'Squirting', 'Dry Humping', 'Lapdance', 'Cuckolding', 'Incest', 'Masturbation', 'Voyeurism', 'MILFs', 'Titty Fucking', 'Large Breasts', 'Facials', 'Double Penetration', 'Threesome - F/F/M', 'Anal Fingering', 'Anal Play']",No summary,English,265385,102/?,210,2375,489,886608
work_33525022,user-2559124,One for All and Eight for the Ninth,griffinguy24,['僕のヒーローアカデミア | Boku no Hero Academia | My Hero Academia'],Teen And Up Audiences,['No Archive Warnings Apply'],"['F/M', 'Multi', 'M/M', 'F/F']",Work in Progress,14 Sep 2022,"['Midoriya Izuku/Uraraka Ochako', 'Midoriya Izuku & Past One For All Users', 'Midoriya Izuku & Yagi Toshinori | All Might', 'Hatsume Mei/Midoriya Izuku', 'Midoriya Izuku/Yaoyorozu Momo', 'Asui Tsuyu/Midoriya Izuku', 'Tokoyami Fumikage/Yanagi Reiko', 'Hagakure Tooru/Midoriya Izuku', 'Midoriya Izuku/Melissa Shield', 'Hadou Nejire/Midoriya Izuku', 'Amajiki Tamaki/Toogata Mirio', 'Iida Tenya/Shiozaki Ibara', 'Kodai Yui/Midoriya Izuku', 'Ashido Mina/Kirishima Eijirou', 'Ashido Mina/Tokage Setsuna', 'Kirishima Eijirou/Tetsutetsu Tetsutetsu', 'Tetsutetsu Tetsutetsu/Tokage Setsuna', 'Ashido Mina/Kirishima Eijirou/Tetsutetsu Tetsutetsu/Tokage Setsuna', 'Izuku/Ochako/Mei/Momo/Tsuyu/Tooru/Melissa/Nejire/Yui', 'Midoriya Inko/Yagi Toshinori | All Might', 'Komori Kinoko/Kouda Kouji', 'Jirou Kyouka/Kaminari Denki', 'Jirou Kyouka/Kendou Itsuka', 'Jirou Kyouka/Kaminari Denki/Kendou Itsuka']","['Midoriya Izuku', 'Shimura Nana', 'First One For All User (My Hero Academia)', 'Banjou Daigorou | Lariat', 'Shinomori Hikage', 'Sixth One for All User (My Hero Academia)', 'Third One For All User (My Hero Academia)', 'Second One For All User (My Hero Academia)', 'Uraraka Ochako', 'Iida Tenya', 'Yagi Toshinori | All Might', 'Class 1-A (My Hero Academia)', 'Class 1-B (My Hero Academia)', 'Eri (My Hero Academia)', 'Melissa Shield', 'Asui Tsuyu', 'Hagakure Tooru', 'Yaoyorozu Momo', 'Hatsume Mei', ""U.A.'s Big Three (My Hero Academia)"", 'Sasaki Mirai | Sir Nighteye', 'Gran Torino (My Hero Academia)', 'Hadou Nejire', 'Kodai Yui']","[""One For All Quirk Haunted by Past One For All Users' Ghosts (My Hero Academia)"", 'Polyamory', 'Midoriya Izuku Has One for All Quirk', 'One for All has an additional Quirk', 'OP Midoriya Izuku', 'Canon-Typical Violence', 'Other Additional Tags to Be Added', 'Not Beta Read', 'Bakugou Katsuki Faces Consequences', 'Protective Yagi Toshinori | All Might', 'Alternate Universe - Canon Divergence', 'Yagi Toshinori | All Might is a Bad Teacher', 'Aizawa Shouta | Eraserhead is a Bad Teacher', 'Both Realize This and Try to Correct it', 'Class 1-A & 1-B Contain Different Students (My Hero Academia)', 'All the Girls are in Class 1-A', ""Past One For All Users' Ghosts as Found Family"", 'Parental Yagi Toshinori | All Might', 'Bakugou Katsuki is Expelled from U.A. High School', 'Mineta Minoru is Expelled from U.A. High School', 'Sasaki Mirai | Sir Nighteye Bashing', 'Sasaki Mirai | Sir Nighteye Redemption', 'Todoroki Enji | Endeavor Faces Consequences', 'Minor Character Death', 'Quirkless People with Extra Toe Joints Wear Custom Sneakers | Red Shoe Theory (My Hero Academia)']",No summary,English,296586,56/?,17700,9728,2288,879342
work_27625526,user-1578391,under the sky in room 553 i discovered you and i,spellfire,['TOMORROW X TOGETHER | TXT (Korea Band)'],Teen And Up Audiences,['Major Character Death'],['M/M'],Complete Work,19 Nov 2020,"['Choi Beomgyu/Choi Yeonjun', 'Huening Kai/Kang Taehyun']","['Choi Beomgyu', 'Choi Yeonjun', 'Huening Kai', 'Kang Taehyun', 'Choi Soobin']","['Angst', 'Angst and Tragedy', 'when i said angst i meant ANGST', ""i also don't know why this had to be so painful either"", 'Inspired by Kimi no Na wa. | Your Name.', 'i wrote this at the ass crack of dawn for 4 nights straight', 'Unrequited Love', 'Childhood Friends', 'in love with your childhood bestie typa beat', ""they're all the same age here but yeonjun's months older"", 'this is genuinely so evil', ""everyone's sad i guess"", 'a hint of yeonbin. like two paragraphs', 'Suffering', 'Suicide Attempt', 'i hate this fic and myself', 'Slice of Life', 'Coming of Age', 'Flashbacks', 'Hospitals', 'Sick Beomgyu', 'Coma', 'side tyunning']",No summary,English,28825,1/1,1654,12419,2176,877457
work_20049589,user-4758,Evitative,Vichan,['Harry Potter - J. K. Rowling'],Teen And Up Audiences,['No Archive Warnings Apply'],['M/M'],Complete Work,17 Feb 2020,"['Draco Malfoy/Harry Potter', 'Hermione Granger & Harry Potter', 'Sirius Black & Harry Potter', 'Pansy Parkinson & Harry Potter', 'Draco Malfoy & Harry Potter', 'Harry Potter & Blaise Zabini']","['Harry Potter', 'Draco Malfoy', 'Hermione Granger', 'Sirius Black', 'Pansy Parkinson', 'Blaise Zabini', 'Theodore Nott', 'Daphne Greengrass']","['Slytherin Harry Potter', 'Dark Arts', 'Hogwarts Fifth Year', 'Dark Harry Potter', 'Slytherins Being Slytherins', 'Alternate Hogwarts House Sorting', 'Re-Sorting', 'Dark Magic', 'Slow Burn', 'Slytherin Pride', 'Protective Slytherins', 'Pureblood Politics (Harry Potter)']",No summary,English,222453,29/29,5375,34340,9923,876281
work_27679802,user-8809253,"Midoriya, Plus Three-Sixty-Five",Skeleton_of_society,['僕のヒーローアカデミア | Boku no Hero Academia | My Hero Academia'],Mature,['Graphic Depictions Of Violence'],"['Gen', 'Multi', 'F/M', 'M/M']",Work in Progress,27 Aug 2022,"['Midoriya Izuku & Yagi Toshinori | All Might', 'Gran Torino & Midoriya Izuku', 'Aizawa Shouta | Eraserhead & Midoriya Izuku', 'Midoriya Izuku & Nedzu', 'Midoriya Izuku & U.A. Faculty', 'Midoriya Izuku & Toogata Mirio', 'Hadou Nejire & Midoriya Izuku', 'Amajiki Tamaki & Midoriya Izuku', 'Amajiki Tamaki & Hadou Nejire & Midoriya Izuku & Toogata Mirio', 'Amajiki Tamaki/Toogata Mirio', 'Hadou Nejire/Midoriya Izuku']","['Midoriya Izuku', 'Yagi Toshinori | All Might', 'Midoriya Inko', 'Gran Torino (My Hero Academia)', 'Aizawa Shouta | Eraserhead', 'Nedzu (My Hero Academia)', 'U.A. Faculty (My Hero Academia)', 'Original Characters', 'Amajiki Tamaki', 'Hadou Nejire', 'Toogata Mirio']","['Older Midoriya Izuku', 'Midoriya Izuku Has One for All Quirk', 'Parental Yagi Toshinori | All Might', 'Quirk Analysis (My Hero Academia)', 'Smart Midoriya Izuku', 'BAMF Midoriya Izuku', 'Pre-Canon', 'Spoilers', 'Boku no Hero Academia | My Hero Academia Manga Spoilers', 'Alternate Universe - Canon Divergence']",No summary,English,471936,83/?,5799,13918,3738,870280
work_17370962,user-4999553,撒野 飞丞,wyz0531,['撒野'],Explicit,['Choose Not To Use Archive Warnings'],['M/M'],Complete Work,10 Jan 2019,['No Relationship Tags'],['No Character Tags'],['No Freeform Tags'],No summary,中文-普通话 國語,2165,1/1,15,8956,9,866236
work_14720849,user-909869,破云 Chapter 119,huaishang233,['破云'],Not Rated,['Choose Not To Use Archive Warnings'],['M/M'],Complete Work,21 May 2018,['No Relationship Tags'],['No Character Tags'],['No Freeform Tags'],No summary,中文-普通话 國語,640,1/1,53,7168,52,865310
work_22221814,user-175614,Snapshots,MayorHaggar,"['僕のヒーローアカデミア | Boku no Hero Academia | My Hero Academia', 'Harry Potter - J. K. Rowling', 'A Song of Ice and Fire - George R. R. Martin', 'Game of Thrones (TV)', 'Marvel Cinematic Universe', 'Toaru Kagaku no Railgun | A Certain Scientific Railgun', 'Toaru Majutsu no Index | A Certain Magical Index']",Explicit,['No Archive Warnings Apply'],"['F/M', 'F/F', 'Multi']",Work in Progress,20 Sep 2022,['No Relationship Tags'],['No Character Tags'],"['Explicit Sexual Content', 'One Shot Collection', ""Additional Warnings In Author's Note""]",No summary,English,354667,359/?,437,2574,253,864017
work_18039575,user-3630189,【花怜】神渎（产卵+产乳+触手play，我流克苏鲁花）,love10027,['天官赐福 - 墨香铜臭 | Tiān Guān Cì Fú - Mòxiāng Tóngxiù'],Explicit,['Choose Not To Use Archive Warnings'],['M/M'],Complete Work,09 Mar 2019,['花怜'],['花城'],['No Freeform Tags'],No summary,中文-普通话 國語,27562,1/1,12,2643,36,863444
work_9523928,user-2150734,When Duty and Desire Meet,EdenDaphne (edelet),['Miraculous Ladybug'],Teen And Up Audiences,['No Archive Warnings Apply'],['F/M'],Work in Progress,21 Aug 2022,"['Adrien Agreste/Marinette Dupain-Cheng', 'Chat Noir/Marinette Dupain-Cheng', 'Adrien Agreste & Marinette Dupain-Cheng', 'Chat Noir/Ladybug', 'Chat Noir & Ladybug', 'Chat Noir & Marinette Dupain-Cheng', 'Alya Césaire/Nino Lahiffe']","['Adrien Agreste', 'Marinette Dupain-Cheng', 'Ladybug (Miraculous Ladybug)', 'Chat Noir (Miraculous Ladybug)', 'Nino Lahiffe', 'Alya Césaire']","['Older!Chat AU', 'collab story', 'College AU', 'PhD student Adrien', 'Fashion Student Marinette', 'Reverse Crush AU', 'Reverse!Crush AU', 'Marichat', 'adrienette - Freeform', 'LB loves Chat', 'Adrien loves Marinette', 'Future Fic', ""they STILL don't know each others identities"", 'Art in Fic', 'Interconnected oneshots', 'both author and artist are sluts for blushing and enable each other', 'midnightstarlightwrites is the author']",No summary,English,116054,21/?,2738,24634,2920,859021
work_3301085,user-915812,Conquering the Great King,SuggestiveScribe,['Haikyuu!!'],Explicit,['No Archive Warnings Apply'],['M/M'],Complete Work,30 May 2015,"['Iwaizumi Hajime/Oikawa Tooru', 'Sawamura Daichi/Sugawara Koushi', 'Kozume Kenma/Kuroo Tetsurou', 'Azumane Asahi/Nishinoya Yuu']","['Iwaizumi Hajime', 'Oikawa Tooru', 'Kageyama Tobio', 'Sawamura Daichi', 'Sugawara Koushi', 'Kuroo Tetsurou', 'Kozume Kenma', 'Kindaichi Yuutarou', 'Azumane Asahi', 'Nishinoya Yuu', 'Kunimi Akira', 'Irihata Nobuteru']","['Alternate Universe', 'Alcohol', 'Smoking', 'Rimming', 'Orgasm Delay/Denial', 'Anal Fingering', 'Riding', 'Semi-Public Sex', 'Masturbation', 'Pining', 'Fluff and Angst', 'Friendship', 'Exes', 'Porn With Plot', 'Public Display of Affection', 'Hand & Finger Kink', 'Scent Kink', 'Blow Jobs', 'Mild Face-Fucking', 'Sexting', 'Nudes', 'Phone Sex', 'Dirty Talk', 'Light Bondage', 'Voyeurism', 'Begging', 'Power Bottom', '69 (Sex Position)']",No summary,English,105691,17/17,3149,27137,6602,851978
